"","past_pts","window","seasonality","age_int","pts_target","sex","reg_type","Variable","Estimate","Std_Error","z_stat","p_value"
"1","high","4 yr.","mnwk","no","all","All","LPM","(Intercept)",-8.29376986134779e-05,2.95529740855177e-06,-28.0640785504296,2.68972043235005e-173
"1.1","high","4 yr.","mnwk","no","all","All","LPM","policyTRUE",-3.86563121694139e-05,4.11450060792212e-07,-93.951407116053,0
"1.2","high","4 yr.","mnwk","no","all","All","LPM","age_grp16-19",0.000436325210624043,3.3492621997532e-06,130.27502315471,0
"1.3","high","4 yr.","mnwk","no","all","All","LPM","age_grp20-24",0.000346195779599865,3.02155767587201e-06,114.575267705242,0
"1.4","high","4 yr.","mnwk","no","all","All","LPM","age_grp25-34",0.000227822798532645,2.89912490324321e-06,78.5832988008839,0
"1.5","high","4 yr.","mnwk","no","all","All","LPM","age_grp35-44",0.000185636334857917,2.88768287404015e-06,64.2855683796723,0
"1.6","high","4 yr.","mnwk","no","all","All","LPM","age_grp45-54",0.000139811946754262,2.87826490100889e-06,48.5750796270541,0
"1.7","high","4 yr.","mnwk","no","all","All","LPM","age_grp55-64",9.05318093046352e-05,2.88045877385331e-06,31.4296493761398,7.96460750943158e-217
"1.8","high","4 yr.","mnwk","no","all","All","LPM","age_grp65-199",2.8614836142191e-05,2.87587046173439e-06,9.949973937607,2.5224933132883e-23
"1.9","high","4 yr.","mnwk","no","all","All","LPM","curr_pts_grp1-3",0.000567603391662603,8.44027231393348e-07,672.494169086919,0
"1.10","high","4 yr.","mnwk","no","all","All","LPM","curr_pts_grp4-6",0.00115247726427632,2.01956827845389e-06,570.655261608001,0
"1.11","high","4 yr.","mnwk","no","all","All","LPM","curr_pts_grp7-9",0.00163727666865797,3.92129161074453e-06,417.535044874438,0
"1.12","high","4 yr.","mnwk","no","all","All","LPM","curr_pts_grp10-150",0.00227182587907363,5.59705972627878e-06,405.896308093189,0
"1.13","high","4 yr.","mnwk","no","all","All","LPM","month02",7.64133829044902e-05,9.9603719727325e-07,76.7173988217301,0
"1.14","high","4 yr.","mnwk","no","all","All","LPM","month03",9.3085974153719e-05,9.79908350731385e-07,94.994571772188,0
"1.15","high","4 yr.","mnwk","no","all","All","LPM","month04",8.5544043491051e-05,9.88016226058548e-07,86.5816180289956,0
"1.16","high","4 yr.","mnwk","no","all","All","LPM","month05",9.7597486203779e-05,9.86708007491895e-07,98.9122267811135,0
"1.17","high","4 yr.","mnwk","no","all","All","LPM","month06",8.19389901024041e-05,9.84644733283529e-07,83.2168063593448,0
"1.18","high","4 yr.","mnwk","no","all","All","LPM","month07",6.09168992822225e-05,9.6279325937643e-07,63.2710072375002,0
"1.19","high","4 yr.","mnwk","no","all","All","LPM","month08",2.15612635167264e-05,9.36100178936751e-07,23.0330727435778,2.17416473347126e-117
"1.20","high","4 yr.","mnwk","no","all","All","LPM","month09",0.000129768359521317,1.01349686396348e-06,128.040218115556,0
"1.21","high","4 yr.","mnwk","no","all","All","LPM","month10",0.000113068729520253,9.94796083664081e-07,113.660207732013,0
"1.22","high","4 yr.","mnwk","no","all","All","LPM","month11",0.000100704739263162,9.94487936832756e-07,101.262906801954,0
"1.23","high","4 yr.","mnwk","no","all","All","LPM","month12",-0.000148042894322171,8.18972156268518e-07,-180.766700295037,0
"1.24","high","4 yr.","mnwk","no","all","All","LPM","weekdayMonday",0.000146378907496876,7.09387324647562e-07,206.345535662905,0
"1.25","high","4 yr.","mnwk","no","all","All","LPM","weekdayTuesday",0.000193950497971812,7.32973683495085e-07,264.607723768452,0
"1.26","high","4 yr.","mnwk","no","all","All","LPM","weekdayWednesday",0.000217605104937923,7.44394818361069e-07,292.324851772912,0
"1.27","high","4 yr.","mnwk","no","all","All","LPM","weekdayThursday",0.000193425859234603,7.34182133766566e-07,263.457594973433,0
"1.28","high","4 yr.","mnwk","no","all","All","LPM","weekdayFriday",0.000150471651256063,7.12841821646214e-07,211.087013537686,0
"1.29","high","4 yr.","mnwk","no","all","All","LPM","weekdaySaturday",2.95221822169814e-05,6.47070667807823e-07,45.6243555545457,0
"2","high","4 yr.","mnwk","with","all","All","LPM","(Intercept)",-9.62636526162798e-05,4.09753127127446e-06,-23.4930855296045,4.79970371940305e-122
"2.1","high","4 yr.","mnwk","with","all","All","LPM","policyTRUE",-1.17614159569041e-05,5.70023621440182e-06,-2.06332080189738,0.0390821589844752
"2.2","high","4 yr.","mnwk","with","all","All","LPM","age_grp16-19",0.000468714040558945,4.80230423444341e-06,97.6019047683823,0
"2.3","high","4 yr.","mnwk","with","all","All","LPM","age_grp20-24",0.000380079388659039,4.28606036687879e-06,88.6780297347565,0
"2.4","high","4 yr.","mnwk","with","all","All","LPM","age_grp25-34",0.000253601861746941,4.10375111190749e-06,61.797573690833,0
"2.5","high","4 yr.","mnwk","with","all","All","LPM","age_grp35-44",0.000198912993475335,4.08313887395095e-06,48.7157061309703,0
"2.6","high","4 yr.","mnwk","with","all","All","LPM","age_grp45-54",0.000149354490017282,4.07054178173243e-06,36.6915506647169,9.96047709081714e-295
"2.7","high","4 yr.","mnwk","with","all","All","LPM","age_grp55-64",9.61800836049125e-05,4.07415168349908e-06,23.6073889920339,3.23629615804002e-123
"2.8","high","4 yr.","mnwk","with","all","All","LPM","age_grp65-199",2.56679559045934e-05,4.06654315737728e-06,6.31198413768905,2.75480480835323e-10
"2.9","high","4 yr.","mnwk","with","all","All","LPM","curr_pts_grp1-3",0.000567566590199951,8.44023439039856e-07,672.453588309826,0
"2.10","high","4 yr.","mnwk","with","all","All","LPM","curr_pts_grp4-6",0.00115260699913643,2.0195963769559e-06,570.711560135465,0
"2.11","high","4 yr.","mnwk","with","all","All","LPM","curr_pts_grp7-9",0.00163745967470838,3.92132235440124e-06,417.578440821249,0
"2.12","high","4 yr.","mnwk","with","all","All","LPM","curr_pts_grp10-150",0.0022731209957757,5.59771413145149e-06,406.080221746923,0
"2.13","high","4 yr.","mnwk","with","all","All","LPM","month02",7.6417004551351e-05,9.96036694428862e-07,76.7210736098125,0
"2.14","high","4 yr.","mnwk","with","all","All","LPM","month03",9.3090163255891e-05,9.79907712905707e-07,94.9989086011498,0
"2.15","high","4 yr.","mnwk","with","all","All","LPM","month04",8.55284830062935e-05,9.880209730636e-07,86.5654528983243,0
"2.16","high","4 yr.","mnwk","with","all","All","LPM","month05",9.75814164928799e-05,9.8671226075614e-07,98.8955142992761,0
"2.17","high","4 yr.","mnwk","with","all","All","LPM","month06",8.19228169702618e-05,9.84647118522921e-07,83.2001794644512,0
"2.18","high","4 yr.","mnwk","with","all","All","LPM","month07",6.09023007475498e-05,9.62794878402511e-07,63.255738178209,0
"2.19","high","4 yr.","mnwk","with","all","All","LPM","month08",2.15487090667995e-05,9.36101292460387e-07,23.0196339224811,2.9643952033648e-117
"2.20","high","4 yr.","mnwk","with","all","All","LPM","month09",0.000129758401944773,1.01349747149797e-06,128.030316398312,0
"2.21","high","4 yr.","mnwk","with","all","All","LPM","month10",0.000113061090518512,9.94796640985175e-07,113.652465097333,0
"2.22","high","4 yr.","mnwk","with","all","All","LPM","month11",0.000100699634301029,9.94487815534452e-07,101.257785895458,0
"2.23","high","4 yr.","mnwk","with","all","All","LPM","month12",-0.000148045396284098,8.18972166603269e-07,-180.769753016302,0
"2.24","high","4 yr.","mnwk","with","all","All","LPM","weekdayMonday",0.00014637892088265,7.09387213905683e-07,206.345586744833,0
"2.25","high","4 yr.","mnwk","with","all","All","LPM","weekdayTuesday",0.000193950366623436,7.32973573151022e-07,264.607584403967,0
"2.26","high","4 yr.","mnwk","with","all","All","LPM","weekdayWednesday",0.000217605093222439,7.44394719840575e-07,292.32487472378,0
"2.27","high","4 yr.","mnwk","with","all","All","LPM","weekdayThursday",0.000193426267422178,7.34182031582824e-07,263.458187617545,0
"2.28","high","4 yr.","mnwk","with","all","All","LPM","weekdayFriday",0.00015047206408647,7.12841711317228e-07,211.087625341704,0
"2.29","high","4 yr.","mnwk","with","all","All","LPM","weekdaySaturday",2.95220815001253e-05,6.47070539201996e-07,45.6242089719208,0
"2.30","high","4 yr.","mnwk","with","all","All","LPM","policyTRUE:age_grp16-19",-6.26973520395674e-05,6.70682114519015e-06,-9.34829641081622,8.90707720921867e-21
"2.31","high","4 yr.","mnwk","with","all","All","LPM","policyTRUE:age_grp20-24",-6.77228237349163e-05,6.05937728545165e-06,-11.1765319346456,5.31257297090217e-29
"2.32","high","4 yr.","mnwk","with","all","All","LPM","policyTRUE:age_grp25-34",-5.14888881127433e-05,5.80542243556486e-06,-8.86910275423111,7.37376249917989e-19
"2.33","high","4 yr.","mnwk","with","all","All","LPM","policyTRUE:age_grp35-44",-2.68067992613606e-05,5.77973547512187e-06,-4.63806680716567,3.51683124785658e-06
"2.34","high","4 yr.","mnwk","with","all","All","LPM","policyTRUE:age_grp45-54",-1.94967283041403e-05,5.7591081559903e-06,-3.3853728348305,0.000710816362400945
"2.35","high","4 yr.","mnwk","with","all","All","LPM","policyTRUE:age_grp55-64",-1.21602428650138e-05,5.76219679690149e-06,-2.11034841287488,0.0348283564441755
"2.36","high","4 yr.","mnwk","with","all","All","LPM","policyTRUE:age_grp65-199",3.76722429009209e-06,5.75175441903188e-06,0.65496959981928,0.512487327145079
"3","high","4 yr.","mnwk","no","all","Male","LPM","(Intercept)",-7.68352850830213e-05,3.86266721626146e-06,-19.8917692830364,4.79533730391632e-88
"3.1","high","4 yr.","mnwk","no","all","Male","LPM","policyTRUE",-5.96628241509422e-05,6.27944338252177e-07,-95.0129183694975,0
"3.2","high","4 yr.","mnwk","no","all","Male","LPM","age_grp16-19",0.000599530382750648,4.5902918391301e-06,130.608336846893,0
"3.3","high","4 yr.","mnwk","no","all","Male","LPM","age_grp20-24",0.00045607177657618,3.99295278107272e-06,114.219176028837,0
"3.4","high","4 yr.","mnwk","no","all","Male","LPM","age_grp25-34",0.000288066447129391,3.75912770566818e-06,76.6311947037691,0
"3.5","high","4 yr.","mnwk","no","all","Male","LPM","age_grp35-44",0.00022551491232535,3.73608273012978e-06,60.3613272550621,0
"3.6","high","4 yr.","mnwk","no","all","Male","LPM","age_grp45-54",0.000180093339162226,3.72075136892464e-06,48.4024115844851,0
"3.7","high","4 yr.","mnwk","no","all","Male","LPM","age_grp55-64",0.000122758610984006,3.72439502561553e-06,32.9606849272702,2.97399721007369e-238
"3.8","high","4 yr.","mnwk","no","all","Male","LPM","age_grp65-199",3.97476760117447e-05,3.71154262963775e-06,10.7092063807507,9.21484103854264e-27
"3.9","high","4 yr.","mnwk","no","all","Male","LPM","curr_pts_grp1-3",0.000616930563764729,1.13373171576192e-06,544.159217906436,0
"3.10","high","4 yr.","mnwk","no","all","Male","LPM","curr_pts_grp4-6",0.00119821175935464,2.46042079672409e-06,486.99464780577,0
"3.11","high","4 yr.","mnwk","no","all","Male","LPM","curr_pts_grp7-9",0.00167196968563447,4.51871723509331e-06,370.00980558146,0
"3.12","high","4 yr.","mnwk","no","all","Male","LPM","curr_pts_grp10-150",0.00227582797470077,6.09804220556808e-06,373.206333767702,0
"3.13","high","4 yr.","mnwk","no","all","Male","LPM","month02",9.16110375353302e-05,1.53061614398651e-06,59.8523920548284,0
"3.14","high","4 yr.","mnwk","no","all","Male","LPM","month03",0.00010632859387725,1.5010855008351e-06,70.8344686682381,0
"3.15","high","4 yr.","mnwk","no","all","Male","LPM","month04",9.10251962299313e-05,1.50848214944149e-06,60.34224287217,0
"3.16","high","4 yr.","mnwk","no","all","Male","LPM","month05",0.000107318523172868,1.50724897673136e-06,71.2015896707394,0
"3.17","high","4 yr.","mnwk","no","all","Male","LPM","month06",9.37648743277576e-05,1.50905746943e-06,62.1347272898589,0
"3.18","high","4 yr.","mnwk","no","all","Male","LPM","month07",7.63713977352344e-05,1.4828321199743e-06,51.5037384923644,0
"3.19","high","4 yr.","mnwk","no","all","Male","LPM","month08",2.25353488645851e-05,1.44038921559648e-06,15.6453190711047,3.57573569388794e-55
"3.20","high","4 yr.","mnwk","no","all","Male","LPM","month09",0.000151280455742678,1.55013111148687e-06,97.5920389066774,0
"3.21","high","4 yr.","mnwk","no","all","Male","LPM","month10",0.000129638152065787,1.52138554615685e-06,85.2105847812632,0
"3.22","high","4 yr.","mnwk","no","all","Male","LPM","month11",0.000111772607515248,1.51985303141426e-06,73.5417209460323,0
"3.23","high","4 yr.","mnwk","no","all","Male","LPM","month12",-0.000193525344913271,1.26482268084388e-06,-153.005909717046,0
"3.24","high","4 yr.","mnwk","no","all","Male","LPM","weekdayMonday",0.000157731848926031,1.09343352991157e-06,144.253715119554,0
"3.25","high","4 yr.","mnwk","no","all","Male","LPM","weekdayTuesday",0.000208909849159247,1.12332294467459e-06,185.974879396561,0
"3.26","high","4 yr.","mnwk","no","all","Male","LPM","weekdayWednesday",0.000238832169852909,1.14038482828413e-06,209.43120596603,0
"3.27","high","4 yr.","mnwk","no","all","Male","LPM","weekdayThursday",0.000211546719519209,1.12704161662688e-06,187.700894446424,0
"3.28","high","4 yr.","mnwk","no","all","Male","LPM","weekdayFriday",0.000171754067169828,1.10386735606948e-06,155.593030471877,0
"3.29","high","4 yr.","mnwk","no","all","Male","LPM","weekdaySaturday",3.61399092398713e-05,1.01786630903606e-06,35.5055560038101,4.03511363506482e-276
"4","high","4 yr.","mnwk","with","all","Male","LPM","(Intercept)",-0.000100569036709159,5.23778164692337e-06,-19.200692867415,3.65190405783542e-82
"4.1","high","4 yr.","mnwk","with","all","Male","LPM","policyTRUE",-1.09150409027165e-05,7.34175239136204e-06,-1.4867078486001,0.13709198893456
"4.2","high","4 yr.","mnwk","with","all","Male","LPM","age_grp16-19",0.00065649394292151,6.54877683294199e-06,100.24680328381,0
"4.3","high","4 yr.","mnwk","with","all","Male","LPM","age_grp20-24",0.00051505963321185,5.60213404987026e-06,91.9398980150749,0
"4.4","high","4 yr.","mnwk","with","all","Male","LPM","age_grp25-34",0.000330652958473257,5.24856764268624e-06,62.9987038338001,0
"4.5","high","4 yr.","mnwk","with","all","Male","LPM","age_grp35-44",0.000250013997104059,5.20700699881956e-06,48.0149147409899,0
"4.6","high","4 yr.","mnwk","with","all","Male","LPM","age_grp45-54",0.000197218405500039,5.18588912556046e-06,38.0298152785372,1.85653229576189e-316
"4.7","high","4 yr.","mnwk","with","all","Male","LPM","age_grp55-64",0.000134291077126417,5.19196307928275e-06,25.8651833758743,1.64213269410789e-147
"4.8","high","4 yr.","mnwk","with","all","Male","LPM","age_grp65-199",3.92324975392327e-05,5.17111155103699e-06,7.58685964362249,3.27751831262657e-14
"4.9","high","4 yr.","mnwk","with","all","Male","LPM","curr_pts_grp1-3",0.000616774916320631,1.13371452130649e-06,544.030181081089,0
"4.10","high","4 yr.","mnwk","with","all","Male","LPM","curr_pts_grp4-6",0.00119829403264976,2.46044891797566e-06,487.022520116231,0
"4.11","high","4 yr.","mnwk","with","all","Male","LPM","curr_pts_grp7-9",0.00167211201183943,4.51875117183668e-06,370.038523532994,0
"4.12","high","4 yr.","mnwk","with","all","Male","LPM","curr_pts_grp10-150",0.00227792710575511,6.09921112592611e-06,373.478972726859,0
"4.13","high","4 yr.","mnwk","with","all","Male","LPM","month02",9.16174115485394e-05,1.53061517986113e-06,59.856594102805,0
"4.14","high","4 yr.","mnwk","with","all","Male","LPM","month03",0.000106335906571164,1.50108467285599e-06,70.8393793461678,0
"4.15","high","4 yr.","mnwk","with","all","Male","LPM","month04",9.09963099753808e-05,1.50848957884883e-06,60.322796558411,0
"4.16","high","4 yr.","mnwk","with","all","Male","LPM","month05",0.000107288878095254,1.50725598896632e-06,71.1815901748934,0
"4.17","high","4 yr.","mnwk","with","all","Male","LPM","month06",9.37353639668726e-05,1.50906176455739e-06,62.1149950044394,0
"4.18","high","4 yr.","mnwk","with","all","Male","LPM","month07",7.63451425270669e-05,1.48283476210442e-06,51.4859406308488,0
"4.19","high","4 yr.","mnwk","with","all","Male","LPM","month08",2.25129456079626e-05,1.44039111507377e-06,15.6297448466346,4.56629124991543e-55
"4.20","high","4 yr.","mnwk","with","all","Male","LPM","month09",0.000151262812402265,1.55013179058808e-06,97.580614319818,0
"4.21","high","4 yr.","mnwk","with","all","Male","LPM","month10",0.000129624636964838,1.52138629628078e-06,85.2016593561555,0
"4.22","high","4 yr.","mnwk","with","all","Male","LPM","month11",0.0001117635659234,1.51985286184406e-06,73.5357801595318,0
"4.23","high","4 yr.","mnwk","with","all","Male","LPM","month12",-0.000193529795894389,1.26482248936265e-06,-153.00945193654,0
"4.24","high","4 yr.","mnwk","with","all","Male","LPM","weekdayMonday",0.000157731878587216,1.09343319136548e-06,144.253786909688,0
"4.25","high","4 yr.","mnwk","with","all","Male","LPM","weekdayTuesday",0.000208909598843826,1.12332259980314e-06,185.97471365789,0
"4.26","high","4 yr.","mnwk","with","all","Male","LPM","weekdayWednesday",0.000238832147056275,1.14038452893907e-06,209.431240950337,0
"4.27","high","4 yr.","mnwk","with","all","Male","LPM","weekdayThursday",0.000211547377998796,1.12704125533789e-06,187.701538871684,0
"4.28","high","4 yr.","mnwk","with","all","Male","LPM","weekdayFriday",0.000171754754580088,1.10386701103984e-06,155.59370183397,0
"4.29","high","4 yr.","mnwk","with","all","Male","LPM","weekdaySaturday",3.6139725192714e-05,1.01786592393246e-06,35.5053886204288,4.05918492114973e-276
"4.30","high","4 yr.","mnwk","with","all","Male","LPM","policyTRUE:age_grp16-19",-0.000111587299181936,9.19117890671305e-06,-12.1406949330989,6.42778536872929e-34
"4.31","high","4 yr.","mnwk","with","all","Male","LPM","policyTRUE:age_grp20-24",-0.000119225475150935,8.0173427119446e-06,-14.8709465760154,5.08888249002437e-50
"4.32","high","4 yr.","mnwk","with","all","Male","LPM","policyTRUE:age_grp25-34",-8.61578712283855e-05,7.53576035329636e-06,-11.4332021175139,2.85387109300567e-30
"4.33","high","4 yr.","mnwk","with","all","Male","LPM","policyTRUE:age_grp35-44",-5.02952044354314e-05,7.48411995284409e-06,-6.72025632303213,1.81405182040725e-11
"4.34","high","4 yr.","mnwk","with","all","Male","LPM","policyTRUE:age_grp45-54",-3.57402623499159e-05,7.45046411677439e-06,-4.79705180640334,1.61017971751023e-06
"4.35","high","4 yr.","mnwk","with","all","Male","LPM","policyTRUE:age_grp55-64",-2.51999047770604e-05,7.45535943172557e-06,-3.38010595033482,0.000724578928155879
"4.36","high","4 yr.","mnwk","with","all","Male","LPM","policyTRUE:age_grp65-199",-2.80820287213363e-06,7.42700459459375e-06,-0.378107060035721,0.7053510638427
"5","high","4 yr.","mnwk","no","all","Female","LPM","(Intercept)",-0.000130024324716915,3.30173180727521e-06,-39.3806439488551,0
"5.1","high","4 yr.","mnwk","no","all","Female","LPM","policyTRUE",-8.00002763744103e-06,4.94873118854575e-07,-16.1658157063729,8.78675001607128e-59
"5.2","high","4 yr.","mnwk","no","all","Female","LPM","age_grp16-19",0.000272227142672056,3.70092356954794e-06,73.556542726795,0
"5.3","high","4 yr.","mnwk","no","all","Female","LPM","age_grp20-24",0.000269272878993792,3.37062254798167e-06,79.8881735230284,0
"5.4","high","4 yr.","mnwk","no","all","Female","LPM","age_grp25-34",0.000209788800621179,3.23175240772513e-06,64.9148740849401,0
"5.5","high","4 yr.","mnwk","no","all","Female","LPM","age_grp35-44",0.000191581430600627,3.21986681667482e-06,59.4997996837878,0
"5.6","high","4 yr.","mnwk","no","all","Female","LPM","age_grp45-54",0.000139757611795352,3.20430977658005e-06,43.6155120883832,0
"5.7","high","4 yr.","mnwk","no","all","Female","LPM","age_grp55-64",9.21765283591113e-05,3.20534498073325e-06,28.7571318885074,7.37670037680407e-182
"5.8","high","4 yr.","mnwk","no","all","Female","LPM","age_grp65-199",4.67550052507553e-05,3.20181190850134e-06,14.6026707960618,2.70055761652894e-48
"5.9","high","4 yr.","mnwk","no","all","Female","LPM","curr_pts_grp1-3",0.000434133540868291,1.21921987641389e-06,356.074855132132,0
"5.10","high","4 yr.","mnwk","no","all","Female","LPM","curr_pts_grp4-6",0.000903330230737589,3.43921724850821e-06,262.655763060451,0
"5.11","high","4 yr.","mnwk","no","all","Female","LPM","curr_pts_grp7-9",0.00127387921712229,7.6707829906494e-06,166.068994348443,0
"5.12","high","4 yr.","mnwk","no","all","Female","LPM","curr_pts_grp10-150",0.00174511280346772,1.374998818971e-05,126.917403810841,0
"5.13","high","4 yr.","mnwk","no","all","Female","LPM","month02",5.79684766415733e-05,1.18049611656431e-06,49.1051819893176,0
"5.14","high","4 yr.","mnwk","no","all","Female","LPM","month03",7.72310332119851e-05,1.17075573977795e-06,65.9668200530308,0
"5.15","high","4 yr.","mnwk","no","all","Female","LPM","month04",7.74087853378621e-05,1.18824966765567e-06,65.145219430681,0
"5.16","high","4 yr.","mnwk","no","all","Female","LPM","month05",8.44026779098457e-05,1.18535251446304e-06,71.20470651558,0
"5.17","high","4 yr.","mnwk","no","all","Female","LPM","month06",6.63159577875935e-05,1.17339096811908e-06,56.5165060831312,0
"5.18","high","4 yr.","mnwk","no","all","Female","LPM","month07",4.09750478736538e-05,1.13320796985759e-06,36.1584536674262,2.74034513839316e-286
"5.19","high","4 yr.","mnwk","no","all","Female","LPM","month08",1.95542765682949e-05,1.1046377459382e-06,17.7019811609705,4.04814853781456e-70
"5.20","high","4 yr.","mnwk","no","all","Female","LPM","month09",0.000102663469270885,1.21427030780213e-06,84.547459170528,0
"5.21","high","4 yr.","mnwk","no","all","Female","LPM","month10",9.22469479659276e-05,1.19240276529882e-06,77.3622392118571,0
"5.22","high","4 yr.","mnwk","no","all","Female","LPM","month11",8.68428218532612e-05,1.19433239481379e-06,72.712439376478,0
"5.23","high","4 yr.","mnwk","no","all","Female","LPM","month12",-9.22878291247089e-05,9.58021547247307e-07,-96.3316841775433,0
"5.24","high","4 yr.","mnwk","no","all","Female","LPM","weekdayMonday",0.000132410444178407,8.33181533517641e-07,158.921482116122,0
"5.25","high","4 yr.","mnwk","no","all","Female","LPM","weekdayTuesday",0.000175530392196014,8.73577085848006e-07,200.932917128454,0
"5.26","high","4 yr.","mnwk","no","all","Female","LPM","weekdayWednesday",0.000191501608522667,8.88040582952723e-07,215.645109242561,0
"5.27","high","4 yr.","mnwk","no","all","Female","LPM","weekdayThursday",0.000171146416545455,8.71367701541489e-07,196.411246644429,0
"5.28","high","4 yr.","mnwk","no","all","Female","LPM","weekdayFriday",0.000124311964594894,8.27008604733018e-07,150.315200934366,0
"5.29","high","4 yr.","mnwk","no","all","Female","LPM","weekdaySaturday",2.13801384579818e-05,7.17753167892753e-07,29.7875919109512,5.65655767261167e-195
"6","high","4 yr.","mnwk","with","all","Female","LPM","(Intercept)",-0.000130301017651424,4.72295237764317e-06,-27.5888908531503,1.51252535817143e-167
"6.1","high","4 yr.","mnwk","with","all","Female","LPM","policyTRUE",-7.46960103587958e-06,6.3481521676852e-06,-1.17665752782409,0.239332226461833
"6.2","high","4 yr.","mnwk","with","all","Female","LPM","age_grp16-19",0.000268014391098747,5.40771936964719e-06,49.5614459217459,0
"6.3","high","4 yr.","mnwk","with","all","Female","LPM","age_grp20-24",0.000269496844130316,4.92101727406168e-06,54.7644580625257,0
"6.4","high","4 yr.","mnwk","with","all","Female","LPM","age_grp25-34",0.000214677292693532,4.73112452492166e-06,45.3755320881323,0
"6.5","high","4 yr.","mnwk","with","all","Female","LPM","age_grp35-44",0.000191325888864666,4.71082704923188e-06,40.6140762259276,0
"6.6","high","4 yr.","mnwk","with","all","Female","LPM","age_grp45-54",0.000140698725441072,4.69119608717791e-06,29.9920793815533,1.24491083904241e-197
"6.7","high","4 yr.","mnwk","with","all","Female","LPM","age_grp55-64",9.14710200538069e-05,4.69305973850692e-06,19.4907001296574,1.31668386363038e-84
"6.8","high","4 yr.","mnwk","with","all","Female","LPM","age_grp65-199",4.15449671631667e-05,4.68689188086375e-06,8.864076283217,7.71409569913292e-19
"6.9","high","4 yr.","mnwk","with","all","Female","LPM","curr_pts_grp1-3",0.000434147327222158,1.21922584858852e-06,356.084418424004,0
"6.10","high","4 yr.","mnwk","with","all","Female","LPM","curr_pts_grp4-6",0.000903403547403849,3.43925189306107e-06,262.674434875366,0
"6.11","high","4 yr.","mnwk","with","all","Female","LPM","curr_pts_grp7-9",0.00127400271313888,7.67079777249301e-06,166.084773829832,0
"6.12","high","4 yr.","mnwk","with","all","Female","LPM","curr_pts_grp10-150",0.0017453592453984,1.37504025153487e-05,126.931502074224,0
"6.13","high","4 yr.","mnwk","with","all","Female","LPM","month02",5.79690062599404e-05,1.18049564309555e-06,49.105650324919,0
"6.14","high","4 yr.","mnwk","with","all","Female","LPM","month03",7.72312544149637e-05,1.17075465607557e-06,65.9670700553495,0
"6.15","high","4 yr.","mnwk","with","all","Female","LPM","month04",7.74098638864059e-05,1.1882550170854e-06,65.1458338263781,0
"6.16","high","4 yr.","mnwk","with","all","Female","LPM","month05",8.44031171916815e-05,1.18535754277369e-06,71.2047750539312,0
"6.17","high","4 yr.","mnwk","with","all","Female","LPM","month06",6.63158764280366e-05,1.1733934135829e-06,56.5163189603597,0
"6.18","high","4 yr.","mnwk","with","all","Female","LPM","month07",4.09747411693165e-05,1.13321028083506e-06,36.1581092779377,2.77470910221784e-286
"6.19","high","4 yr.","mnwk","with","all","Female","LPM","month08",1.95539047096444e-05,1.10463914850247e-06,17.7016220511043,4.0740462725253e-70
"6.20","high","4 yr.","mnwk","with","all","Female","LPM","month09",0.000102663212083373,1.21427183183228e-06,84.5471412512793,0
"6.21","high","4 yr.","mnwk","with","all","Female","LPM","month10",9.22466851170694e-05,1.19240375669602e-06,77.3619544546487,0
"6.22","high","4 yr.","mnwk","with","all","Female","LPM","month11",8.68426091898305e-05,1.19433204254615e-06,72.7122827624171,0
"6.23","high","4 yr.","mnwk","with","all","Female","LPM","month12",-9.22879652607667e-05,9.58021679404794e-07,-96.3318129899774,0
"6.24","high","4 yr.","mnwk","with","all","Female","LPM","weekdayMonday",0.000132410444170547,8.33181525474692e-07,158.921483640805,0
"6.25","high","4 yr.","mnwk","with","all","Female","LPM","weekdayTuesday",0.000175530357944159,8.73577071621873e-07,200.932881191892,0
"6.26","high","4 yr.","mnwk","with","all","Female","LPM","weekdayWednesday",0.000191501566170817,8.88040566246085e-07,215.645065608129,0
"6.27","high","4 yr.","mnwk","with","all","Female","LPM","weekdayThursday",0.000171146538688238,8.71367742662398e-07,196.411377549177,0
"6.28","high","4 yr.","mnwk","with","all","Female","LPM","weekdayFriday",0.000124312093102472,8.27008601691565e-07,150.315356875616,0
"6.29","high","4 yr.","mnwk","with","all","Female","LPM","weekdaySaturday",2.13801367058748e-05,7.17753157355895e-07,29.7875899071435,5.65689569434794e-195
"6.30","high","4 yr.","mnwk","with","all","Female","LPM","policyTRUE:age_grp16-19",7.8044967688531e-06,7.4125803473534e-06,1.05287179404937,0.292399754972888
"6.31","high","4 yr.","mnwk","with","all","Female","LPM","policyTRUE:age_grp20-24",-4.4199212493542e-07,6.76506089043653e-06,-0.0653345375738222,0.947907644073353
"6.32","high","4 yr.","mnwk","with","all","Female","LPM","policyTRUE:age_grp25-34",-9.58548868243632e-06,6.48300426998581e-06,-1.47855658939082,0.139258862210564
"6.33","high","4 yr.","mnwk","with","all","Female","LPM","policyTRUE:age_grp35-44",5.31255321124336e-07,6.4579157291897e-06,0.0822642077416818,0.934436616005396
"6.34","high","4 yr.","mnwk","with","all","Female","LPM","policyTRUE:age_grp45-54",-1.83084320548594e-06,6.42408583383507e-06,-0.284996691022254,0.775646677045797
"6.35","high","4 yr.","mnwk","with","all","Female","LPM","policyTRUE:age_grp55-64",1.33860135351302e-06,6.42439523021898e-06,0.208362235750461,0.834946140704327
"6.36","high","4 yr.","mnwk","with","all","Female","LPM","policyTRUE:age_grp65-199",9.7269165832884e-06,6.41616917880697e-06,1.51600064029126,0.129519190575175
"7","high","4 yr.","mnwk","no","all","All","Logit","(Intercept)",-9.50074362602875,0.0186504458623693,-509.411072321774,0
"7.1","high","4 yr.","mnwk","no","all","All","Logit","policyTRUE",-0.0926440750808941,0.00100883140193658,-91.8330604133178,0
"7.2","high","4 yr.","mnwk","no","all","All","Logit","age_grp16-19",1.17697373970705,0.018632716835635,63.1670491259809,0
"7.3","high","4 yr.","mnwk","no","all","All","Logit","age_grp20-24",1.04625456368936,0.0185533034238434,56.3918208950752,0
"7.4","high","4 yr.","mnwk","no","all","All","Logit","age_grp25-34",0.874175999270869,0.0185252139484672,47.1884428273068,0
"7.5","high","4 yr.","mnwk","no","all","All","Logit","age_grp35-44",0.788277879766543,0.0185249882679925,42.5521392166563,0
"7.6","high","4 yr.","mnwk","no","all","All","Logit","age_grp45-54",0.670419369803434,0.01852724104794,36.1856019505925,1.02554832375227e-286
"7.7","high","4 yr.","mnwk","no","all","All","Logit","age_grp55-64",0.501043429581138,0.0185513028591392,27.0085305267011,1.17344509760336e-160
"7.8","high","4 yr.","mnwk","no","all","All","Logit","age_grp65-199",0.17773770252873,0.0186070379382156,9.55217607009269,1.27000185724407e-21
"7.9","high","4 yr.","mnwk","no","all","All","Logit","curr_pts_grp1-3",1.16047679431816,0.00122582237980317,946.692451890535,0
"7.10","high","4 yr.","mnwk","no","all","All","Logit","curr_pts_grp4-6",1.66528225114171,0.00158871532310779,1048.19424028978,0
"7.11","high","4 yr.","mnwk","no","all","All","Logit","curr_pts_grp7-9",1.93584172304415,0.00216978911105083,892.17966538076,0
"7.12","high","4 yr.","mnwk","no","all","All","Logit","curr_pts_grp10-150",2.18409688400329,0.00231821604482546,942.145529912307,0
"7.13","high","4 yr.","mnwk","no","all","All","Logit","month02",0.197096287182306,0.00255435717527589,77.1608172459351,0
"7.14","high","4 yr.","mnwk","no","all","All","Logit","month03",0.236085917504908,0.00247884292336481,95.2403701257692,0
"7.15","high","4 yr.","mnwk","no","all","All","Logit","month04",0.21999423460898,0.0025281112812546,87.0192053016771,0
"7.16","high","4 yr.","mnwk","no","all","All","Logit","month05",0.24716943291045,0.00248979322742999,99.2730762488187,0
"7.17","high","4 yr.","mnwk","no","all","All","Logit","month06",0.211901769882642,0.00252856643606491,83.8031253046352,0
"7.18","high","4 yr.","mnwk","no","all","All","Logit","month07",0.161514676763896,0.00253483552108985,63.7180106638451,0
"7.19","high","4 yr.","mnwk","no","all","All","Logit","month08",0.0598236135175713,0.00259703761130087,23.0353281204908,2.06388247954993e-117
"7.20","high","4 yr.","mnwk","no","all","All","Logit","month09",0.316945774055131,0.00246386204356837,128.637792396892,0
"7.21","high","4 yr.","mnwk","no","all","All","Logit","month10",0.27969305812619,0.00246002257742032,113.695321617531,0
"7.22","high","4 yr.","mnwk","no","all","All","Logit","month11",0.252972656744334,0.00249423525664569,101.422933570644,0
"7.23","high","4 yr.","mnwk","no","all","All","Logit","month12",-0.548200137644974,0.00306735020569153,-178.721078743398,0
"7.24","high","4 yr.","mnwk","no","all","All","Logit","weekdayMonday",0.426988133107117,0.00208404872930833,204.883948778314,0
"7.25","high","4 yr.","mnwk","no","all","All","Logit","weekdayTuesday",0.53392836411175,0.00204236819376046,261.426106097289,0
"7.26","high","4 yr.","mnwk","no","all","All","Logit","weekdayWednesday",0.583351809257686,0.00202436513233678,288.165311652205,0
"7.27","high","4 yr.","mnwk","no","all","All","Logit","weekdayThursday",0.532656664901839,0.00204416487341102,260.574218758106,0
"7.28","high","4 yr.","mnwk","no","all","All","Logit","weekdayFriday",0.436467526548401,0.00208182579042444,209.656124232861,0
"7.29","high","4 yr.","mnwk","no","all","All","Logit","weekdaySaturday",0.101921646088956,0.00223696585730557,45.5624504755389,0
"8","high","4 yr.","mnwk","with","all","All","Logit","(Intercept)",-9.52457579956818,0.0260528924847041,-365.586116979531,0
"8.1","high","4 yr.","mnwk","with","all","All","Logit","policyTRUE",-0.0435342116254298,0.0369892610371787,-1.17694191245596,0.239218691810791
"8.2","high","4 yr.","mnwk","with","all","All","Logit","age_grp16-19",1.21085288941478,0.0261487952136932,46.3062592184245,0
"8.3","high","4 yr.","mnwk","with","all","All","Logit","age_grp20-24",1.086405284999,0.026025573927717,41.7437589663292,0
"8.4","high","4 yr.","mnwk","with","all","All","Logit","age_grp25-34",0.915029277791018,0.0259885185531302,35.208981840206,1.45711940485589e-271
"8.5","high","4 yr.","mnwk","with","all","All","Logit","age_grp35-44",0.80915579068113,0.0259887092359852,31.134897209929,8.1218916876445e-213
"8.6","high","4 yr.","mnwk","with","all","All","Logit","age_grp45-54",0.686460551248687,0.0259943169767069,26.4081011193259,1.10597341909462e-153
"8.7","high","4 yr.","mnwk","with","all","All","Logit","age_grp55-64",0.511202347590598,0.0260313785493852,19.637928380196,7.33290574912624e-86
"8.8","high","4 yr.","mnwk","with","all","All","Logit","age_grp65-199",0.155143873091467,0.0261224934636341,5.93909127807601,2.86606266703653e-09
"8.9","high","4 yr.","mnwk","with","all","All","Logit","curr_pts_grp1-3",1.16020659910668,0.00122579962988178,946.48959815608,0
"8.10","high","4 yr.","mnwk","with","all","All","Logit","curr_pts_grp4-6",1.66510101347393,0.00158865740518943,1048.11837217691,0
"8.11","high","4 yr.","mnwk","with","all","All","Logit","curr_pts_grp7-9",1.93569862738335,0.00216977074575229,892.121267268822,0
"8.12","high","4 yr.","mnwk","with","all","All","Logit","curr_pts_grp10-150",2.185006549731,0.00231824079004031,942.527868165503,0
"8.13","high","4 yr.","mnwk","with","all","All","Logit","month02",0.197086914194055,0.00255435812640774,77.1571191042127,0
"8.14","high","4 yr.","mnwk","with","all","All","Logit","month03",0.236069502615305,0.00247884394401415,95.2337089171588,0
"8.15","high","4 yr.","mnwk","with","all","All","Logit","month04",0.220049348393622,0.00252811291551506,87.0409494145518,0
"8.16","high","4 yr.","mnwk","with","all","All","Logit","month05",0.247227487913195,0.00248979540621822,99.2963065542448,0
"8.17","high","4 yr.","mnwk","with","all","All","Logit","month06",0.211959624909703,0.00252856837105067,83.825941721176,0
"8.18","high","4 yr.","mnwk","with","all","All","Logit","month07",0.161568459850828,0.00253483703267931,63.7391902390077,0
"8.19","high","4 yr.","mnwk","with","all","All","Logit","month08",0.0598706817073246,0.00259703918385577,23.0534379610075,1.35862868394979e-117
"8.20","high","4 yr.","mnwk","with","all","All","Logit","month09",0.316982169336648,0.00246386306945943,128.652510468528,0
"8.21","high","4 yr.","mnwk","with","all","All","Logit","month10",0.279719789277162,0.00246002351112014,113.706144682249,0
"8.22","high","4 yr.","mnwk","with","all","All","Logit","month11",0.252988461343011,0.00249423619783463,101.429231747435,0
"8.23","high","4 yr.","mnwk","with","all","All","Logit","month12",-0.54819263984514,0.00306735065553159,-178.718608143657,0
"8.24","high","4 yr.","mnwk","with","all","All","Logit","weekdayMonday",0.426987928285123,0.00208404904608844,204.883819354702,0
"8.25","high","4 yr.","mnwk","with","all","All","Logit","weekdayTuesday",0.533928855777802,0.00204236849508039,261.426308261177,0
"8.26","high","4 yr.","mnwk","with","all","All","Logit","weekdayWednesday",0.583351993937211,0.00202436541266115,288.165362976815,0
"8.27","high","4 yr.","mnwk","with","all","All","Logit","weekdayThursday",0.532657953785335,0.00204416517371497,260.574810995976,0
"8.28","high","4 yr.","mnwk","with","all","All","Logit","weekdayFriday",0.436468550225526,0.00208182609811598,209.65658496669,0
"8.29","high","4 yr.","mnwk","with","all","All","Logit","weekdaySaturday",0.101921984924695,0.00223696614121258,45.562596164038,0
"8.30","high","4 yr.","mnwk","with","all","All","Logit","policyTRUE:age_grp16-19",-0.0683762123816233,0.0372618845555777,-1.83501755740876,0.0665030880404902
"8.31","high","4 yr.","mnwk","with","all","All","Logit","policyTRUE:age_grp20-24",-0.0821941629067905,0.0371003562636881,-2.21545481457379,0.0267288625199707
"8.32","high","4 yr.","mnwk","with","all","All","Logit","policyTRUE:age_grp25-34",-0.0833647155665429,0.0370496642134914,-2.2500801919869,0.0244438552378262
"8.33","high","4 yr.","mnwk","with","all","All","Logit","policyTRUE:age_grp35-44",-0.0429914537492913,0.0370511095377381,-1.16032837574008,0.245915135754706
"8.34","high","4 yr.","mnwk","with","all","All","Logit","policyTRUE:age_grp45-54",-0.0336694768505241,0.0370572528110643,-0.908579948497189,0.36357189482372
"8.35","high","4 yr.","mnwk","with","all","All","Logit","policyTRUE:age_grp55-64",-0.0224885178042186,0.0371066834246169,-0.606050331873626,0.54448133122893
"8.36","high","4 yr.","mnwk","with","all","All","Logit","policyTRUE:age_grp65-199",0.038517584272429,0.0372202718138878,1.034854996896,0.300736634229444
"9","high","4 yr.","mnwk","no","all","Male","Logit","(Intercept)",-9.20759399388175,0.0194891260893505,-472.447761468027,0
"9.1","high","4 yr.","mnwk","no","all","Male","Logit","policyTRUE",-0.111281458243933,0.00119940506184986,-92.7805474426642,0
"9.2","high","4 yr.","mnwk","no","all","Male","Logit","age_grp16-19",1.21700941154293,0.019459731692086,62.5398865102478,0
"9.3","high","4 yr.","mnwk","no","all","Male","Logit","age_grp20-24",1.06762907646309,0.0193655524320374,55.1303186526636,0
"9.4","high","4 yr.","mnwk","no","all","Male","Logit","age_grp25-34",0.885447523130203,0.0193295350402574,45.808009415958,0
"9.5","high","4 yr.","mnwk","no","all","Male","Logit","age_grp35-44",0.784723052333725,0.0193303024168886,40.5954876136923,0
"9.6","high","4 yr.","mnwk","no","all","Male","Logit","age_grp45-54",0.691272864821346,0.0193319904185908,35.7579767966664,4.97302574546489e-280
"9.7","high","4 yr.","mnwk","no","all","Male","Logit","age_grp55-64",0.539370629675029,0.0193615566410163,27.8578132779058,8.66230905330784e-171
"9.8","high","4 yr.","mnwk","no","all","Male","Logit","age_grp65-199",0.201894432045183,0.0194281849899583,10.3918318746468,2.70114590621741e-25
"9.9","high","4 yr.","mnwk","no","all","Male","Logit","curr_pts_grp1-3",1.08316061618777,0.00147455481827472,734.5678863639,0
"9.10","high","4 yr.","mnwk","no","all","Male","Logit","curr_pts_grp4-6",1.53420382781185,0.00183329398258447,836.856413857327,0
"9.11","high","4 yr.","mnwk","no","all","Male","Logit","curr_pts_grp7-9",1.77922748492446,0.00241064142299977,738.072227561082,0
"9.12","high","4 yr.","mnwk","no","all","Male","Logit","curr_pts_grp10-150",2.00420515457164,0.00250450834361821,800.238960943609,0
"9.13","high","4 yr.","mnwk","no","all","Male","Logit","month02",0.181573542372518,0.00301516445862947,60.2201123235086,0
"9.14","high","4 yr.","mnwk","no","all","Male","Logit","month03",0.20862728718369,0.00293330623831988,71.1235957767527,0
"9.15","high","4 yr.","mnwk","no","all","Male","Logit","month04",0.182377422607465,0.00299718473065551,60.8495768519341,0
"9.16","high","4 yr.","mnwk","no","all","Male","Logit","month05",0.211401961879068,0.00295004947931348,71.6604800568514,0
"9.17","high","4 yr.","mnwk","no","all","Male","Logit","month06",0.187677613473793,0.00298878771280981,62.79389220901,0
"9.18","high","4 yr.","mnwk","no","all","Male","Logit","month07",0.155453659999919,0.00298435470967366,52.0895386516967,0
"9.19","high","4 yr.","mnwk","no","all","Male","Logit","month08",0.0484483622125768,0.00306108731869303,15.8271741928821,2.02095686250828e-56
"9.20","high","4 yr.","mnwk","no","all","Male","Logit","month09",0.286487316841395,0.00291589838069023,98.2501032061272,0
"9.21","high","4 yr.","mnwk","no","all","Male","Logit","month10",0.248718377827831,0.00291246422238943,85.3979169652351,0
"9.22","high","4 yr.","mnwk","no","all","Male","Logit","month11",0.217939694672939,0.00295576682825149,73.7337237125239,0
"9.23","high","4 yr.","mnwk","no","all","Male","Logit","month12",-0.544821971230701,0.00360294266555004,-151.215831559042,0
"9.24","high","4 yr.","mnwk","no","all","Male","Logit","weekdayMonday",0.349486590141537,0.00243387162952156,143.592860815851,0
"9.25","high","4 yr.","mnwk","no","all","Male","Logit","weekdayTuesday",0.44075829838483,0.00239014043792131,184.406862204363,0
"9.26","high","4 yr.","mnwk","no","all","Male","Logit","weekdayWednesday",0.490753092930681,0.0023675925779405,207.279367870621,0
"9.27","high","4 yr.","mnwk","no","all","Male","Logit","weekdayThursday",0.445137081436063,0.00238972779138517,186.27104017485,0
"9.28","high","4 yr.","mnwk","no","all","Male","Logit","weekdayFriday",0.375167267815034,0.00242309815731573,154.82957909994,0
"9.29","high","4 yr.","mnwk","no","all","Male","Logit","weekdaySaturday",0.0914519282152618,0.00257829463286847,35.4699292506836,1.43002246827896e-275
"10","high","4 yr.","mnwk","with","all","Male","Logit","(Intercept)",-9.25148780778555,0.0271622546667969,-340.600878729502,0
"10.1","high","4 yr.","mnwk","with","all","Male","Logit","policyTRUE",-0.0195441720776751,0.0385735607978195,-0.506672748728448,0.612384454554897
"10.2","high","4 yr.","mnwk","with","all","Male","Logit","age_grp16-19",1.27069347861218,0.0272715528953687,46.5941005811947,0
"10.3","high","4 yr.","mnwk","with","all","Male","Logit","age_grp20-24",1.1300794761214,0.0271269071196552,41.6589871870273,0
"10.4","high","4 yr.","mnwk","with","all","Male","Logit","age_grp25-34",0.948171996081772,0.0270812499588072,35.0121208409516,1.47138224745112e-268
"10.5","high","4 yr.","mnwk","with","all","Male","Logit","age_grp35-44",0.827472951615002,0.0270834090632576,30.5527620131686,5.19655490158625e-205
"10.6","high","4 yr.","mnwk","with","all","Male","Logit","age_grp45-54",0.725015809517153,0.0270893996579547,26.7638197476353,8.52657206444828e-158
"10.7","high","4 yr.","mnwk","with","all","Male","Logit","age_grp55-64",0.566856919923315,0.0271349323991453,20.8903015340171,6.5603902904592e-97
"10.8","high","4 yr.","mnwk","with","all","Male","Logit","age_grp65-199",0.197146441120964,0.0272433045874843,7.23650981795853,4.60378353083152e-13
"10.9","high","4 yr.","mnwk","with","all","Male","Logit","curr_pts_grp1-3",1.08273605430688,0.00147455036033614,734.28218081345,0
"10.10","high","4 yr.","mnwk","with","all","Male","Logit","curr_pts_grp4-6",1.53384366476109,0.00183323468070779,836.687021526829,0
"10.11","high","4 yr.","mnwk","with","all","Male","Logit","curr_pts_grp7-9",1.77889650623958,0.00241063210408433,737.937781225763,0
"10.12","high","4 yr.","mnwk","with","all","Male","Logit","curr_pts_grp10-150",2.00513816610215,0.00250441518928404,800.641273332708,0
"10.13","high","4 yr.","mnwk","with","all","Male","Logit","month02",0.181563104429192,0.00301516595838726,60.2166205558734,0
"10.14","high","4 yr.","mnwk","with","all","Male","Logit","month03",0.208608485618712,0.00293330781179675,71.117147944638,0
"10.15","high","4 yr.","mnwk","with","all","Male","Logit","month04",0.182446289735098,0.00299718726982282,60.8725025533302,0
"10.16","high","4 yr.","mnwk","with","all","Male","Logit","month05",0.211474313568613,0.0029500528581664,71.6849235372869,0
"10.17","high","4 yr.","mnwk","with","all","Male","Logit","month06",0.187748980707477,0.00298879068918374,62.8177079736396,0
"10.18","high","4 yr.","mnwk","with","all","Male","Logit","month07",0.155519357719816,0.00298435698488243,52.1115129683263,0
"10.19","high","4 yr.","mnwk","with","all","Male","Logit","month08",0.0485051673832164,0.00306108963406815,15.8457193946176,1.50488894548093e-56
"10.20","high","4 yr.","mnwk","with","all","Male","Logit","month09",0.286530621168303,0.00291589991602953,98.2649025754152,0
"10.21","high","4 yr.","mnwk","with","all","Male","Logit","month10",0.248749883007204,0.00291246563605392,85.4086928710459,0
"10.22","high","4 yr.","mnwk","with","all","Male","Logit","month11",0.21795825553138,0.00295576828056443,73.7399670212845,0
"10.23","high","4 yr.","mnwk","with","all","Male","Logit","month12",-0.544813067339367,0.00360294333330336,-151.213332250734,0
"10.24","high","4 yr.","mnwk","with","all","Male","Logit","weekdayMonday",0.349486311847644,0.00243387211765325,143.592717675167,0
"10.25","high","4 yr.","mnwk","with","all","Male","Logit","weekdayTuesday",0.440758926066152,0.00239014090745387,184.407088591139,0
"10.26","high","4 yr.","mnwk","with","all","Male","Logit","weekdayWednesday",0.490753380207747,0.00236759301277346,207.279451138803,0
"10.27","high","4 yr.","mnwk","with","all","Male","Logit","weekdayThursday",0.445138910176736,0.00238972825308059,186.271769437763,0
"10.28","high","4 yr.","mnwk","with","all","Male","Logit","weekdayFriday",0.375168762760139,0.00242309863155234,154.830165753422,0
"10.29","high","4 yr.","mnwk","with","all","Male","Logit","weekdaySaturday",0.0914523454441493,0.00257829504751063,35.4700853699608,1.42211928018844e-275
"10.30","high","4 yr.","mnwk","with","all","Male","Logit","policyTRUE:age_grp16-19",-0.110693406453091,0.0389109577153413,-2.84478750851842,0.00444410589312858
"10.31","high","4 yr.","mnwk","with","all","Male","Logit","policyTRUE:age_grp20-24",-0.12996354452994,0.038719071998604,-3.35657694829634,0.000789137584096388
"10.32","high","4 yr.","mnwk","with","all","Male","Logit","policyTRUE:age_grp25-34",-0.130091658211602,0.0386565181080442,-3.36532270826873,0.000764541828934565
"10.33","high","4 yr.","mnwk","with","all","Male","Logit","policyTRUE:age_grp35-44",-0.0891416545223928,0.0386616645984938,-2.30568588932059,0.0211281901344573
"10.34","high","4 yr.","mnwk","with","all","Male","Logit","policyTRUE:age_grp45-54",-0.0713100059917967,0.038667163095427,-1.84420061579925,0.0651539086673153
"10.35","high","4 yr.","mnwk","with","all","Male","Logit","policyTRUE:age_grp55-64",-0.0593857815051396,0.0387282179580063,-1.53339824645515,0.125177760544558
"10.36","high","4 yr.","mnwk","with","all","Male","Logit","policyTRUE:age_grp65-199",0.00114586512122094,0.0388642984410148,0.0294837464507443,0.976478781760102
"11","high","4 yr.","mnwk","no","all","Female","Logit","(Intercept)",-10.7795161840655,0.0653527013245754,-164.943697285423,0
"11.1","high","4 yr.","mnwk","no","all","Female","Logit","policyTRUE",-0.0293744989803874,0.00186728040462447,-15.7311665177009,9.24912644610576e-56
"11.2","high","4 yr.","mnwk","no","all","Female","Logit","age_grp16-19",1.7990207949319,0.0653550968797161,27.5268629506117,8.37582395643973e-167
"11.3","high","4 yr.","mnwk","no","all","Female","Logit","age_grp20-24",1.77790404193123,0.0652442854245969,27.2499580669937,1.66375535378684e-163
"11.4","high","4 yr.","mnwk","no","all","Female","Logit","age_grp25-34",1.6314567218691,0.065212430455357,25.0175727307996,3.936566521629e-138
"11.5","high","4 yr.","mnwk","no","all","Female","Logit","age_grp35-44",1.57756424055873,0.0652104913752433,24.1918778296102,2.70875952440589e-129
"11.6","high","4 yr.","mnwk","no","all","Female","Logit","age_grp45-54",1.38825395788634,0.0652141350947508,21.2876235477067,1.47836873548272e-100
"11.7","high","4 yr.","mnwk","no","all","Female","Logit","age_grp55-64",1.13665904838255,0.065242567048994,17.4220466758915,5.6132812451067e-68
"11.8","high","4 yr.","mnwk","no","all","Female","Logit","age_grp65-199",0.756082623440986,0.0653169212714008,11.5756010651414,5.4785933155801e-31
"11.9","high","4 yr.","mnwk","no","all","Female","Logit","curr_pts_grp1-3",1.15412779827073,0.00223504936594248,516.376871069266,0
"11.10","high","4 yr.","mnwk","no","all","Female","Logit","curr_pts_grp4-6",1.67923047813821,0.00331845056332563,506.028475064986,0
"11.11","high","4 yr.","mnwk","no","all","Female","Logit","curr_pts_grp7-9",1.95365059633875,0.00529928667229358,368.66293845794,0
"11.12","high","4 yr.","mnwk","no","all","Female","Logit","curr_pts_grp10-150",2.20080971188063,0.00710791326591462,309.628104556991,0
"11.13","high","4 yr.","mnwk","no","all","Female","Logit","month02",0.236975969713205,0.00480905791274544,49.277004771589,0
"11.14","high","4 yr.","mnwk","no","all","Female","Logit","month03",0.305257532424309,0.0046403398675466,65.7834428377123,0
"11.15","high","4 yr.","mnwk","no","all","Female","Logit","month04",0.306484546153807,0.00471272486077083,65.0334053458145,0
"11.16","high","4 yr.","mnwk","no","all","Female","Logit","month05",0.330375918597229,0.00464750237315359,71.0867670570011,0
"11.17","high","4 yr.","mnwk","no","all","Female","Logit","month06",0.268083118924039,0.00474527597092149,56.4947372011283,0
"11.18","high","4 yr.","mnwk","no","all","Female","Logit","month07",0.172983272657152,0.00480305748719205,36.0152409415115,4.83012979525663e-284
"11.19","high","4 yr.","mnwk","no","all","Female","Logit","month08",0.0855252772276707,0.00490675247388193,17.4301185321476,4.8744847330571e-68
"11.20","high","4 yr.","mnwk","no","all","Female","Logit","month09",0.389429698428443,0.00461124882096137,84.4521112498226,0
"11.21","high","4 yr.","mnwk","no","all","Female","Logit","month10",0.354357485717264,0.00460018687307857,77.0311066689599,0
"11.22","high","4 yr.","mnwk","no","all","Female","Logit","month11",0.338038997808754,0.00465418453665218,72.6311978278176,0
"11.23","high","4 yr.","mnwk","no","all","Female","Logit","month12",-0.558059772647602,0.00584725189122569,-95.4396668775326,0
"11.24","high","4 yr.","mnwk","no","all","Female","Logit","weekdayMonday",0.635404120735338,0.00406391268208673,156.352798507736,0
"11.25","high","4 yr.","mnwk","no","all","Female","Logit","weekdayTuesday",0.777962012556226,0.00397013599902473,195.95349195779,0
"11.26","high","4 yr.","mnwk","no","all","Female","Logit","weekdayWednesday",0.826194770341839,0.00394101054650375,209.640334780326,0
"11.27","high","4 yr.","mnwk","no","all","Female","Logit","weekdayThursday",0.764152658647579,0.00398106861415584,191.946618536142,0
"11.28","high","4 yr.","mnwk","no","all","Female","Logit","weekdayFriday",0.606092734899357,0.00408778312557218,148.269298120976,0
"11.29","high","4 yr.","mnwk","no","all","Female","Logit","weekdaySaturday",0.13374625829541,0.00449996014508884,29.7216539665086,4.03237177199717e-194
"12","high","4 yr.","mnwk","with","all","Female","Logit","(Intercept)",-10.7556338252859,0.0929332007906694,-115.735105794029,0
"12.1","high","4 yr.","mnwk","with","all","Female","Logit","policyTRUE",-0.0760253144070531,0.130355450588283,-0.583215462521568,0.559748263306247
"12.2","high","4 yr.","mnwk","with","all","Female","Logit","age_grp16-19",1.76642458613751,0.0930859880326178,18.9762672500027,2.67971276915262e-80
"12.3","high","4 yr.","mnwk","with","all","Female","Logit","age_grp20-24",1.75663813134151,0.0929061304634999,18.9076665078807,9.86254567527524e-80
"12.4","high","4 yr.","mnwk","with","all","Female","Logit","age_grp25-34",1.62120957077807,0.0928603146668331,17.4585836435585,2.9619202505403e-68
"12.5","high","4 yr.","mnwk","with","all","Female","Logit","age_grp35-44",1.55152907662559,0.0928573578956623,16.708735977271,1.13209892599238e-62
"12.6","high","4 yr.","mnwk","with","all","Female","Logit","age_grp45-54",1.36521105115741,0.0928648127899319,14.7010585618218,6.34598664366495e-49
"12.7","high","4 yr.","mnwk","with","all","Female","Logit","age_grp55-64",1.10640455178382,0.0929089877963735,11.9084770809117,1.06912068251938e-32
"12.8","high","4 yr.","mnwk","with","all","Female","Logit","age_grp65-199",0.684755249048474,0.093033021381514,7.36034623921756,1.83433815491571e-13
"12.9","high","4 yr.","mnwk","with","all","Female","Logit","curr_pts_grp1-3",1.15409631804496,0.00223499042905838,516.376402797926,0
"12.10","high","4 yr.","mnwk","with","all","Female","Logit","curr_pts_grp4-6",1.67938056875143,0.00331842115961967,506.078188382788,0
"12.11","high","4 yr.","mnwk","with","all","Female","Logit","curr_pts_grp7-9",1.95397839989256,0.00529937225346757,368.718841861695,0
"12.12","high","4 yr.","mnwk","with","all","Female","Logit","curr_pts_grp10-150",2.20159206691787,0.00710889149031951,309.695550975265,0
"12.13","high","4 yr.","mnwk","with","all","Female","Logit","month02",0.236969630755908,0.00480905342856491,49.2757325897756,0
"12.14","high","4 yr.","mnwk","with","all","Female","Logit","month03",0.305244895148446,0.0046403357432435,65.7807779518743,0
"12.15","high","4 yr.","mnwk","with","all","Female","Logit","month04",0.306514361710356,0.00471272074320394,65.0397887785672,0
"12.16","high","4 yr.","mnwk","with","all","Female","Logit","month05",0.330403079559986,0.00464749850134175,71.0926704902858,0
"12.17","high","4 yr.","mnwk","with","all","Female","Logit","month06",0.268108114094355,0.00474527183128415,56.5000538697906,0
"12.18","high","4 yr.","mnwk","with","all","Female","Logit","month07",0.173006657031689,0.0048030532234812,36.0201415603501,4.04802258506061e-284
"12.19","high","4 yr.","mnwk","with","all","Female","Logit","month08",0.0855456032874861,0.00490674815168121,17.4342763563635,4.5326076810856e-68
"12.20","high","4 yr.","mnwk","with","all","Female","Logit","month09",0.389445810573803,0.00461124442528402,84.455685853134,0
"12.21","high","4 yr.","mnwk","with","all","Female","Logit","month10",0.354369897418126,0.00460018233293807,77.0338807835461,0
"12.22","high","4 yr.","mnwk","with","all","Female","Logit","month11",0.33804641830521,0.00465417993403868,72.6328640267823,0
"12.23","high","4 yr.","mnwk","with","all","Female","Logit","month12",-0.55805741415097,0.00584724695275544,-95.4393441323686,0
"12.24","high","4 yr.","mnwk","with","all","Female","Logit","weekdayMonday",0.635403984309433,0.00406390857465748,156.352922964805,0
"12.25","high","4 yr.","mnwk","with","all","Female","Logit","weekdayTuesday",0.777962384565519,0.00397013194239958,195.953785882318,0
"12.26","high","4 yr.","mnwk","with","all","Female","Logit","weekdayWednesday",0.826194843313169,0.00394100650059219,209.640568516957,0
"12.27","high","4 yr.","mnwk","with","all","Female","Logit","weekdayThursday",0.764153500593908,0.00398106454285298,191.947026321328,0
"12.28","high","4 yr.","mnwk","with","all","Female","Logit","weekdayFriday",0.606093388983212,0.00408777906198455,148.269605522409,0
"12.29","high","4 yr.","mnwk","with","all","Female","Logit","weekdaySaturday",0.13374642651227,0.00449995585944716,29.7217196545349,4.02449794046454e-194
"12.30","high","4 yr.","mnwk","with","all","Female","Logit","policyTRUE:age_grp16-19",0.0624906781033696,0.130700901285333,0.478119718294415,0.632564998389802
"12.31","high","4 yr.","mnwk","with","all","Female","Logit","policyTRUE:age_grp20-24",0.0414675894487234,0.130473678278986,0.317823410788305,0.750618891506754
"12.32","high","4 yr.","mnwk","with","all","Female","Logit","policyTRUE:age_grp25-34",0.0200332329206867,0.130412365561986,0.153614519868246,0.877913687634706
"12.33","high","4 yr.","mnwk","with","all","Female","Logit","policyTRUE:age_grp35-44",0.0508283688056342,0.130409216089281,0.389760557803183,0.696713612011417
"12.34","high","4 yr.","mnwk","with","all","Female","Logit","policyTRUE:age_grp45-54",0.0449696645921749,0.130419060848145,0.34480898957351,0.730237974386219
"12.35","high","4 yr.","mnwk","with","all","Female","Logit","policyTRUE:age_grp55-64",0.0586815711228696,0.130478051010594,0.449742854590196,0.652895867008955
"12.36","high","4 yr.","mnwk","with","all","Female","Logit","policyTRUE:age_grp65-199",0.133514454954038,0.130631150620529,1.02207210393396,0.306746775131339
