,past_pts,window,seasonality,age_int,pts_target,sex,reg_type,Variable,Estimate,Std_Error,z_stat,p_value,mfx
1,all,Monthly 4 yr.,mnwk,no,all,All,LPM,(Intercept),-5.88E-05,2.98E-06,-19.71825645,1.50E-86,NA
1.1,all,Monthly 4 yr.,mnwk,no,all,All,LPM,policyTRUE,-2.15E-05,5.02E-07,-42.82331632,0,NA
1.2,all,Monthly 4 yr.,mnwk,no,all,All,LPM,policy_monthpolicy01,6.35E-05,1.82E-06,34.82073865,1.18E-265,NA
1.3,all,Monthly 4 yr.,mnwk,no,all,All,LPM,policy_monthpolicy02,4.61E-05,1.79E-06,25.6787605,2.02E-145,NA
1.4,all,Monthly 4 yr.,mnwk,no,all,All,LPM,policy_monthpolicy03,1.01E-05,1.76E-06,5.747620593,9.05E-09,NA
1.5,all,Monthly 4 yr.,mnwk,no,all,All,LPM,policy_monthpolicy04,-4.64E-05,1.65E-06,-28.17085446,1.33E-174,NA
1.6,all,Monthly 4 yr.,mnwk,no,all,All,LPM,policy_monthpolicy05,-4.30E-05,1.54E-06,-27.83708991,1.54E-170,NA
1.7,all,Monthly 4 yr.,mnwk,no,all,All,LPM,policy_monthpolicy06,-6.02E-05,1.78E-06,-33.83113323,6.88E-251,NA
1.8,all,Monthly 4 yr.,mnwk,no,all,All,LPM,policy_monthpolicy07,-4.25E-05,1.74E-06,-24.43240401,7.74E-132,NA
1.9,all,Monthly 4 yr.,mnwk,no,all,All,LPM,policy_monthpolicy08,-6.41E-05,1.70E-06,-37.71035411,3.36081865077058e-311,NA
1.1,all,Monthly 4 yr.,mnwk,no,all,All,LPM,policy_monthpolicy09,-6.02E-05,1.12E-06,-53.6976275,0,NA
1.11,all,Monthly 4 yr.,mnwk,no,all,All,LPM,policy_monthpolicy10,-0.000130199,1.39E-06,-93.37173898,0,NA
1.12,all,Monthly 4 yr.,mnwk,no,all,All,LPM,policy_monthpolicy11,-6.30E-05,1.70E-06,-37.0113391,7.52E-300,NA
1.13,all,Monthly 4 yr.,mnwk,no,all,All,LPM,policy_monthpolicy12,-2.62E-05,1.69E-06,-15.56307106,1.30E-54,NA
1.14,all,Monthly 4 yr.,mnwk,no,all,All,LPM,age_grp16-19,0.000436028,3.35E-06,130.186747,0,NA
1.15,all,Monthly 4 yr.,mnwk,no,all,All,LPM,age_grp20-24,0.000346016,3.02E-06,114.5162594,0,NA
1.16,all,Monthly 4 yr.,mnwk,no,all,All,LPM,age_grp25-34,0.000227682,2.90E-06,78.53458592,0,NA
1.17,all,Monthly 4 yr.,mnwk,no,all,All,LPM,age_grp35-44,0.00018561,2.89E-06,64.27619534,0,NA
1.18,all,Monthly 4 yr.,mnwk,no,all,All,LPM,age_grp45-54,0.000139667,2.88E-06,48.52456061,0,NA
1.19,all,Monthly 4 yr.,mnwk,no,all,All,LPM,age_grp55-64,9.03E-05,2.88E-06,31.34658067,1.08E-215,NA
1.2,all,Monthly 4 yr.,mnwk,no,all,All,LPM,age_grp65-199,2.83E-05,2.88E-06,9.84107043,7.49E-23,NA
1.21,all,Monthly 4 yr.,mnwk,no,all,All,LPM,curr_pts_grp1-3,0.000567637,8.44E-07,672.5096319,0,NA
1.22,all,Monthly 4 yr.,mnwk,no,all,All,LPM,curr_pts_grp4-6,0.001152581,2.02E-06,570.6943429,0,NA
1.23,all,Monthly 4 yr.,mnwk,no,all,All,LPM,curr_pts_grp7-9,0.001637609,3.92E-06,417.613036,0,NA
1.24,all,Monthly 4 yr.,mnwk,no,all,All,LPM,curr_pts_grp10-150,0.002272084,5.60E-06,405.9490438,0,NA
1.25,all,Monthly 4 yr.,mnwk,no,all,All,LPM,month02,5.95E-05,1.19E-06,50.15721422,0,NA
1.26,all,Monthly 4 yr.,mnwk,no,all,All,LPM,month03,6.69E-05,1.16E-06,57.61546925,0,NA
1.27,all,Monthly 4 yr.,mnwk,no,all,All,LPM,month04,3.69E-05,1.15E-06,32.10620597,3.61E-226,NA
1.28,all,Monthly 4 yr.,mnwk,no,all,All,LPM,month05,5.33E-05,1.15E-06,46.2685602,0,NA
1.29,all,Monthly 4 yr.,mnwk,no,all,All,LPM,month06,4.67E-05,1.16E-06,40.37050716,0,NA
1.3,all,Monthly 4 yr.,mnwk,no,all,All,LPM,month07,3.98E-05,1.14E-06,34.91686737,4.12E-267,NA
1.31,all,Monthly 4 yr.,mnwk,no,all,All,LPM,month08,-4.01E-07,1.11E-06,-0.360274051,0.718642202,NA
1.32,all,Monthly 4 yr.,mnwk,no,all,All,LPM,month09,0.000112126,1.20E-06,93.35328479,0,NA
1.33,all,Monthly 4 yr.,mnwk,no,all,All,LPM,month10,9.10E-05,1.18E-06,77.30850336,0,NA
1.34,all,Monthly 4 yr.,mnwk,no,all,All,LPM,month11,8.40E-05,1.18E-06,71.01005653,0,NA
1.35,all,Monthly 4 yr.,mnwk,no,all,All,LPM,month12,-0.000165671,9.84E-07,-168.3987661,0,NA
1.36,all,Monthly 4 yr.,mnwk,no,all,All,LPM,weekdayMonday,0.000146433,7.10E-07,206.3881,0,NA
1.37,all,Monthly 4 yr.,mnwk,no,all,All,LPM,weekdayTuesday,0.000193815,7.33E-07,264.3372925,0,NA
1.38,all,Monthly 4 yr.,mnwk,no,all,All,LPM,weekdayWednesday,0.000217296,7.45E-07,291.7994757,0,NA
1.39,all,Monthly 4 yr.,mnwk,no,all,All,LPM,weekdayThursday,0.000193587,7.34E-07,263.5745381,0,NA
1.4,all,Monthly 4 yr.,mnwk,no,all,All,LPM,weekdayFriday,0.000150533,7.13E-07,211.1293731,0,NA
1.41,all,Monthly 4 yr.,mnwk,no,all,All,LPM,weekdaySaturday,2.97E-05,6.47E-07,45.94542307,0,NA
2,all,Monthly 4 yr.,mnwk,with,all,All,LPM,(Intercept),-7.23E-05,4.12E-06,-17.55715547,5.24E-69,NA
2.1,all,Monthly 4 yr.,mnwk,with,all,All,LPM,policyTRUE,5.65E-06,5.71E-06,0.989791266,0.322276155,NA
2.2,all,Monthly 4 yr.,mnwk,with,all,All,LPM,policy_monthpolicy01,6.36E-05,1.82E-06,34.90176953,6.99E-267,NA
2.3,all,Monthly 4 yr.,mnwk,with,all,All,LPM,policy_monthpolicy02,4.62E-05,1.79E-06,25.75146328,3.10E-146,NA
2.4,all,Monthly 4 yr.,mnwk,with,all,All,LPM,policy_monthpolicy03,1.02E-05,1.76E-06,5.81374224,6.11E-09,NA
2.5,all,Monthly 4 yr.,mnwk,with,all,All,LPM,policy_monthpolicy04,-4.63E-05,1.65E-06,-28.10700539,8.04E-174,NA
2.6,all,Monthly 4 yr.,mnwk,with,all,All,LPM,policy_monthpolicy05,-4.29E-05,1.54E-06,-27.77524708,8.64E-170,NA
2.7,all,Monthly 4 yr.,mnwk,with,all,All,LPM,policy_monthpolicy06,-6.01E-05,1.78E-06,-33.78351068,3.44E-250,NA
2.8,all,Monthly 4 yr.,mnwk,with,all,All,LPM,policy_monthpolicy07,-4.24E-05,1.74E-06,-24.39053532,2.16E-131,NA
2.9,all,Monthly 4 yr.,mnwk,with,all,All,LPM,policy_monthpolicy08,-6.40E-05,1.70E-06,-37.67489898,1.28009694604868e-310,NA
2.1,all,Monthly 4 yr.,mnwk,with,all,All,LPM,policy_monthpolicy09,-6.01E-05,1.12E-06,-53.65221856,0,NA
2.11,all,Monthly 4 yr.,mnwk,with,all,All,LPM,policy_monthpolicy10,-0.00013016,1.39E-06,-93.34309873,0,NA
2.12,all,Monthly 4 yr.,mnwk,with,all,All,LPM,policy_monthpolicy11,-6.30E-05,1.70E-06,-36.99674914,1.29E-299,NA
2.13,all,Monthly 4 yr.,mnwk,with,all,All,LPM,policy_monthpolicy12,-2.62E-05,1.68E-06,-15.55642287,1.44E-54,NA
2.14,all,Monthly 4 yr.,mnwk,with,all,All,LPM,age_grp16-19,0.000468549,4.80E-06,97.56757734,0,NA
2.15,all,Monthly 4 yr.,mnwk,with,all,All,LPM,age_grp20-24,0.000380098,4.29E-06,88.68221919,0,NA
2.16,all,Monthly 4 yr.,mnwk,with,all,All,LPM,age_grp25-34,0.00025359,4.10E-06,61.79468199,0,NA
2.17,all,Monthly 4 yr.,mnwk,with,all,All,LPM,age_grp35-44,0.000198985,4.08E-06,48.73323672,0,NA
2.18,all,Monthly 4 yr.,mnwk,with,all,All,LPM,age_grp45-54,0.000149329,4.07E-06,36.68537818,1.25E-294,NA
2.19,all,Monthly 4 yr.,mnwk,with,all,All,LPM,age_grp55-64,9.61E-05,4.07E-06,23.58996563,4.89E-123,NA
2.2,all,Monthly 4 yr.,mnwk,with,all,All,LPM,age_grp65-199,2.56E-05,4.07E-06,6.283761594,3.30E-10,NA
2.21,all,Monthly 4 yr.,mnwk,with,all,All,LPM,curr_pts_grp1-3,0.000567599,8.44E-07,672.468278,0,NA
2.22,all,Monthly 4 yr.,mnwk,with,all,All,LPM,curr_pts_grp4-6,0.001152709,2.02E-06,570.7498953,0,NA
2.23,all,Monthly 4 yr.,mnwk,with,all,All,LPM,curr_pts_grp7-9,0.001637789,3.92E-06,417.6557512,0,NA
2.24,all,Monthly 4 yr.,mnwk,with,all,All,LPM,curr_pts_grp10-150,0.002273377,5.60E-06,406.1324879,0,NA
2.25,all,Monthly 4 yr.,mnwk,with,all,All,LPM,month02,5.95E-05,1.19E-06,50.16310423,0,NA
2.26,all,Monthly 4 yr.,mnwk,with,all,All,LPM,month03,6.69E-05,1.16E-06,57.62508967,0,NA
2.27,all,Monthly 4 yr.,mnwk,with,all,All,LPM,month04,3.69E-05,1.15E-06,32.06868764,1.21E-225,NA
2.28,all,Monthly 4 yr.,mnwk,with,all,All,LPM,month05,5.33E-05,1.15E-06,46.23443967,0,NA
2.29,all,Monthly 4 yr.,mnwk,with,all,All,LPM,month06,4.67E-05,1.16E-06,40.33965203,0,NA
2.3,all,Monthly 4 yr.,mnwk,with,all,All,LPM,month07,3.98E-05,1.14E-06,34.88950103,1.07E-266,NA
2.31,all,Monthly 4 yr.,mnwk,with,all,All,LPM,month08,-4.27E-07,1.11E-06,-0.384069289,0.700927093,NA
2.32,all,Monthly 4 yr.,mnwk,with,all,All,LPM,month09,0.000112104,1.20E-06,93.33541199,0,NA
2.33,all,Monthly 4 yr.,mnwk,with,all,All,LPM,month10,9.10E-05,1.18E-06,77.29472197,0,NA
2.34,all,Monthly 4 yr.,mnwk,with,all,All,LPM,month11,8.40E-05,1.18E-06,71.00120258,0,NA
2.35,all,Monthly 4 yr.,mnwk,with,all,All,LPM,month12,-0.000165675,9.84E-07,-168.4033462,0,NA
2.36,all,Monthly 4 yr.,mnwk,with,all,All,LPM,weekdayMonday,0.000146433,7.10E-07,206.3881263,0,NA
2.37,all,Monthly 4 yr.,mnwk,with,all,All,LPM,weekdayTuesday,0.000193814,7.33E-07,264.3366016,0,NA
2.38,all,Monthly 4 yr.,mnwk,with,all,All,LPM,weekdayWednesday,0.000217296,7.45E-07,291.7992598,0,NA
2.39,all,Monthly 4 yr.,mnwk,with,all,All,LPM,weekdayThursday,0.000193587,7.34E-07,263.5747637,0,NA
2.4,all,Monthly 4 yr.,mnwk,with,all,All,LPM,weekdayFriday,0.000150533,7.13E-07,211.1295241,0,NA
2.41,all,Monthly 4 yr.,mnwk,with,all,All,LPM,weekdaySaturday,2.97E-05,6.47E-07,45.94485791,0,NA
2.42,all,Monthly 4 yr.,mnwk,with,all,All,LPM,policyTRUE:age_grp16-19,-6.30E-05,6.71E-06,-9.387893371,6.12E-21,NA
2.43,all,Monthly 4 yr.,mnwk,with,all,All,LPM,policyTRUE:age_grp20-24,-6.81E-05,6.06E-06,-11.2417647,2.54E-29,NA
2.44,all,Monthly 4 yr.,mnwk,with,all,All,LPM,policyTRUE:age_grp25-34,-5.17E-05,5.81E-06,-8.913976013,4.92E-19,NA
2.45,all,Monthly 4 yr.,mnwk,with,all,All,LPM,policyTRUE:age_grp35-44,-2.70E-05,5.78E-06,-4.672363512,2.98E-06,NA
2.46,all,Monthly 4 yr.,mnwk,with,all,All,LPM,policyTRUE:age_grp45-54,-1.97E-05,5.76E-06,-3.427548578,0.000609057,NA
2.47,all,Monthly 4 yr.,mnwk,with,all,All,LPM,policyTRUE:age_grp55-64,-1.25E-05,5.76E-06,-2.168539979,0.030117626,NA
2.48,all,Monthly 4 yr.,mnwk,with,all,All,LPM,policyTRUE:age_grp65-199,3.38E-06,5.75E-06,0.587019805,0.557190406,NA
3,all,Monthly 4 yr.,mnwk,no,all,Male,LPM,(Intercept),-4.74E-05,3.91E-06,-12.10290366,1.02E-33,NA
3.1,all,Monthly 4 yr.,mnwk,no,all,Male,LPM,policyTRUE,-4.19E-05,7.63E-07,-54.88069404,0,NA
3.2,all,Monthly 4 yr.,mnwk,no,all,Male,LPM,policy_monthpolicy01,8.68E-05,2.76E-06,31.44941922,4.28E-217,NA
3.3,all,Monthly 4 yr.,mnwk,no,all,Male,LPM,policy_monthpolicy02,6.64E-05,2.73E-06,24.35062758,5.71E-131,NA
3.4,all,Monthly 4 yr.,mnwk,no,all,Male,LPM,policy_monthpolicy03,2.23E-05,2.68E-06,8.296780671,1.07E-16,NA
3.5,all,Monthly 4 yr.,mnwk,no,all,Male,LPM,policy_monthpolicy04,-5.04E-05,2.53E-06,-19.89361646,4.62E-88,NA
3.6,all,Monthly 4 yr.,mnwk,no,all,Male,LPM,policy_monthpolicy05,-4.56E-05,2.38E-06,-19.18666866,4.78E-82,NA
3.7,all,Monthly 4 yr.,mnwk,no,all,Male,LPM,policy_monthpolicy06,-6.95E-05,2.71E-06,-25.67020026,2.52E-145,NA
3.8,all,Monthly 4 yr.,mnwk,no,all,Male,LPM,policy_monthpolicy07,-4.44E-05,2.65E-06,-16.75219968,5.46E-63,NA
3.9,all,Monthly 4 yr.,mnwk,no,all,Male,LPM,policy_monthpolicy08,-7.31E-05,2.58E-06,-28.28570815,5.18E-176,NA
3.1,all,Monthly 4 yr.,mnwk,no,all,Male,LPM,policy_monthpolicy09,-6.69E-05,1.74E-06,-38.49243816,0,NA
3.11,all,Monthly 4 yr.,mnwk,no,all,Male,LPM,policy_monthpolicy10,-0.000153145,2.17E-06,-70.68522288,0,NA
3.12,all,Monthly 4 yr.,mnwk,no,all,Male,LPM,policy_monthpolicy11,-7.27E-05,2.61E-06,-27.85541187,9.26E-171,NA
3.13,all,Monthly 4 yr.,mnwk,no,all,Male,LPM,policy_monthpolicy12,-3.11E-05,2.56E-06,-12.1373815,6.69E-34,NA
3.14,all,Monthly 4 yr.,mnwk,no,all,Male,LPM,age_grp16-19,0.00059925,4.59E-06,130.5474844,0,NA
3.15,all,Monthly 4 yr.,mnwk,no,all,Male,LPM,age_grp20-24,0.000455873,3.99E-06,114.1699152,0,NA
3.16,all,Monthly 4 yr.,mnwk,no,all,Male,LPM,age_grp25-34,0.000287898,3.76E-06,76.58626308,0,NA
3.17,all,Monthly 4 yr.,mnwk,no,all,Male,LPM,age_grp35-44,0.000225474,3.74E-06,60.35023358,0,NA
3.18,all,Monthly 4 yr.,mnwk,no,all,Male,LPM,age_grp45-54,0.000179929,3.72E-06,48.3583305,0,NA
3.19,all,Monthly 4 yr.,mnwk,no,all,Male,LPM,age_grp55-64,0.000122502,3.72E-06,32.89172599,2.89E-237,NA
3.2,all,Monthly 4 yr.,mnwk,no,all,Male,LPM,age_grp65-199,3.94E-05,3.71E-06,10.62121648,2.37E-26,NA
3.21,all,Monthly 4 yr.,mnwk,no,all,Male,LPM,curr_pts_grp1-3,0.000616977,1.13E-06,544.1724006,0,NA
3.22,all,Monthly 4 yr.,mnwk,no,all,Male,LPM,curr_pts_grp4-6,0.001198341,2.46E-06,487.0292248,0,NA
3.23,all,Monthly 4 yr.,mnwk,no,all,Male,LPM,curr_pts_grp7-9,0.001672307,4.52E-06,370.073425,0,NA
3.24,all,Monthly 4 yr.,mnwk,no,all,Male,LPM,curr_pts_grp10-150,0.002276093,6.10E-06,373.2595143,0,NA
3.25,all,Monthly 4 yr.,mnwk,no,all,Male,LPM,month02,7.14E-05,1.82E-06,39.26225661,0,NA
3.26,all,Monthly 4 yr.,mnwk,no,all,Male,LPM,month03,7.57E-05,1.78E-06,42.60491627,0,NA
3.27,all,Monthly 4 yr.,mnwk,no,all,Male,LPM,month04,3.10E-05,1.75E-06,17.67108872,7.00E-70,NA
3.28,all,Monthly 4 yr.,mnwk,no,all,Male,LPM,month05,5.24E-05,1.76E-06,29.81648714,2.39E-195,NA
3.29,all,Monthly 4 yr.,mnwk,no,all,Male,LPM,month06,4.99E-05,1.77E-06,28.19557658,6.63E-175,NA
3.3,all,Monthly 4 yr.,mnwk,no,all,Male,LPM,month07,5.06E-05,1.75E-06,28.88064592,2.09E-183,NA
3.31,all,Monthly 4 yr.,mnwk,no,all,Male,LPM,month08,-4.44E-06,1.71E-06,-2.602595509,0.009252104,NA
3.32,all,Monthly 4 yr.,mnwk,no,all,Male,LPM,month09,0.00013026,1.83E-06,71.03122459,0,NA
3.33,all,Monthly 4 yr.,mnwk,no,all,Male,LPM,month10,0.000102342,1.80E-06,56.97717354,0,NA
3.34,all,Monthly 4 yr.,mnwk,no,all,Male,LPM,month11,9.17E-05,1.80E-06,50.7873514,0,NA
3.35,all,Monthly 4 yr.,mnwk,no,all,Male,LPM,month12,-0.000215168,1.51E-06,-142.0624854,0,NA
3.36,all,Monthly 4 yr.,mnwk,no,all,Male,LPM,weekdayMonday,0.000157799,1.09E-06,144.2921131,0,NA
3.37,all,Monthly 4 yr.,mnwk,no,all,Male,LPM,weekdayTuesday,0.000208739,1.12E-06,185.7610689,0,NA
3.38,all,Monthly 4 yr.,mnwk,no,all,Male,LPM,weekdayWednesday,0.000238446,1.14E-06,209.0123749,0,NA
3.39,all,Monthly 4 yr.,mnwk,no,all,Male,LPM,weekdayThursday,0.000211719,1.13E-06,187.7834299,0,NA
3.4,all,Monthly 4 yr.,mnwk,no,all,Male,LPM,weekdayFriday,0.000171799,1.10E-06,155.6030281,0,NA
3.41,all,Monthly 4 yr.,mnwk,no,all,Male,LPM,weekdaySaturday,3.64E-05,1.02E-06,35.72916458,1.39E-279,NA
4,all,Monthly 4 yr.,mnwk,with,all,Male,LPM,(Intercept),-7.12E-05,5.27E-06,-13.49373701,1.70E-41,NA
4.1,all,Monthly 4 yr.,mnwk,with,all,Male,LPM,policyTRUE,7.01E-06,7.35E-06,0.952553976,0.340816106,NA
4.2,all,Monthly 4 yr.,mnwk,with,all,Male,LPM,policy_monthpolicy01,8.71E-05,2.76E-06,31.53701517,2.70E-218,NA
4.3,all,Monthly 4 yr.,mnwk,with,all,Male,LPM,policy_monthpolicy02,6.66E-05,2.73E-06,24.4283369,8.55E-132,NA
4.4,all,Monthly 4 yr.,mnwk,with,all,Male,LPM,policy_monthpolicy03,2.25E-05,2.68E-06,8.366771781,5.92E-17,NA
4.5,all,Monthly 4 yr.,mnwk,with,all,Male,LPM,policy_monthpolicy04,-5.02E-05,2.53E-06,-19.82662384,1.75E-87,NA
4.6,all,Monthly 4 yr.,mnwk,with,all,Male,LPM,policy_monthpolicy05,-4.55E-05,2.38E-06,-19.12204776,1.65E-81,NA
4.7,all,Monthly 4 yr.,mnwk,with,all,Male,LPM,policy_monthpolicy06,-6.94E-05,2.71E-06,-25.61944976,9.26E-145,NA
4.8,all,Monthly 4 yr.,mnwk,with,all,Male,LPM,policy_monthpolicy07,-4.42E-05,2.65E-06,-16.70769799,1.15E-62,NA
4.9,all,Monthly 4 yr.,mnwk,with,all,Male,LPM,policy_monthpolicy08,-7.30E-05,2.58E-06,-28.24831985,1.49E-175,NA
4.1,all,Monthly 4 yr.,mnwk,with,all,Male,LPM,policy_monthpolicy09,-6.68E-05,1.74E-06,-38.44706617,1.97626258336499e-323,NA
4.11,all,Monthly 4 yr.,mnwk,with,all,Male,LPM,policy_monthpolicy10,-0.000153082,2.17E-06,-70.65618935,0,NA
4.12,all,Monthly 4 yr.,mnwk,with,all,Male,LPM,policy_monthpolicy11,-7.26E-05,2.61E-06,-27.84113542,1.38E-170,NA
4.13,all,Monthly 4 yr.,mnwk,with,all,Male,LPM,policy_monthpolicy12,-3.11E-05,2.56E-06,-12.13200384,7.15E-34,NA
4.14,all,Monthly 4 yr.,mnwk,with,all,Male,LPM,age_grp16-19,0.000656212,6.55E-06,100.2036742,0,NA
4.15,all,Monthly 4 yr.,mnwk,with,all,Male,LPM,age_grp20-24,0.000515019,5.60E-06,91.93250513,0,NA
4.16,all,Monthly 4 yr.,mnwk,with,all,Male,LPM,age_grp25-34,0.000330574,5.25E-06,62.98359842,0,NA
4.17,all,Monthly 4 yr.,mnwk,with,all,Male,LPM,age_grp35-44,0.000250037,5.21E-06,48.0192829,0,NA
4.18,all,Monthly 4 yr.,mnwk,with,all,Male,LPM,age_grp45-54,0.000197121,5.19E-06,38.01099225,3.7994776611127e-316,NA
4.19,all,Monthly 4 yr.,mnwk,with,all,Male,LPM,age_grp55-64,0.000134136,5.19E-06,25.83532423,3.56E-147,NA
4.2,all,Monthly 4 yr.,mnwk,with,all,Male,LPM,age_grp65-199,3.90E-05,5.17E-06,7.546986553,4.45E-14,NA
4.21,all,Monthly 4 yr.,mnwk,with,all,Male,LPM,curr_pts_grp1-3,0.00061682,1.13E-06,544.0425218,0,NA
4.22,all,Monthly 4 yr.,mnwk,with,all,Male,LPM,curr_pts_grp4-6,0.001198421,2.46E-06,487.0563481,0,NA
4.23,all,Monthly 4 yr.,mnwk,with,all,Male,LPM,curr_pts_grp7-9,0.001672445,4.52E-06,370.1013735,0,NA
4.24,all,Monthly 4 yr.,mnwk,with,all,Male,LPM,curr_pts_grp10-150,0.00227819,6.10E-06,373.5315452,0,NA
4.25,all,Monthly 4 yr.,mnwk,with,all,Male,LPM,month02,7.14E-05,1.82E-06,39.26905438,0,NA
4.26,all,Monthly 4 yr.,mnwk,with,all,Male,LPM,month03,7.57E-05,1.78E-06,42.61587217,0,NA
4.27,all,Monthly 4 yr.,mnwk,with,all,Male,LPM,month04,3.09E-05,1.75E-06,17.62873379,1.48E-69,NA
4.28,all,Monthly 4 yr.,mnwk,with,all,Male,LPM,month05,5.23E-05,1.76E-06,29.77806381,7.51E-195,NA
4.29,all,Monthly 4 yr.,mnwk,with,all,Male,LPM,month06,4.98E-05,1.77E-06,28.16096409,1.76E-174,NA
4.3,all,Monthly 4 yr.,mnwk,with,all,Male,LPM,month07,5.05E-05,1.75E-06,28.85020319,5.04E-183,NA
4.31,all,Monthly 4 yr.,mnwk,with,all,Male,LPM,month08,-4.49E-06,1.71E-06,-2.629029664,0.008562889,NA
4.32,all,Monthly 4 yr.,mnwk,with,all,Male,LPM,month09,0.000130223,1.83E-06,71.01126061,0,NA
4.33,all,Monthly 4 yr.,mnwk,with,all,Male,LPM,month10,0.000102315,1.80E-06,56.96178321,0,NA
4.34,all,Monthly 4 yr.,mnwk,with,all,Male,LPM,month11,9.16E-05,1.80E-06,50.77747217,0,NA
4.35,all,Monthly 4 yr.,mnwk,with,all,Male,LPM,month12,-0.000215176,1.51E-06,-142.067493,0,NA
4.36,all,Monthly 4 yr.,mnwk,with,all,Male,LPM,weekdayMonday,0.000157799,1.09E-06,144.2921529,0,NA
4.37,all,Monthly 4 yr.,mnwk,with,all,Male,LPM,weekdayTuesday,0.000208738,1.12E-06,185.7603061,0,NA
4.38,all,Monthly 4 yr.,mnwk,with,all,Male,LPM,weekdayWednesday,0.000238445,1.14E-06,209.0121308,0,NA
4.39,all,Monthly 4 yr.,mnwk,with,all,Male,LPM,weekdayThursday,0.000211719,1.13E-06,187.7836668,0,NA
4.4,all,Monthly 4 yr.,mnwk,with,all,Male,LPM,weekdayFriday,0.0001718,1.10E-06,155.6031941,0,NA
4.41,all,Monthly 4 yr.,mnwk,with,all,Male,LPM,weekdaySaturday,3.64E-05,1.02E-06,35.728544,1.43E-279,NA
4.42,all,Monthly 4 yr.,mnwk,with,all,Male,LPM,policyTRUE:age_grp16-19,-0.000111595,9.19E-06,-12.14158311,6.36E-34,NA
4.43,all,Monthly 4 yr.,mnwk,with,all,Male,LPM,policyTRUE:age_grp20-24,-0.000119542,8.02E-06,-14.91052196,2.82E-50,NA
4.44,all,Monthly 4 yr.,mnwk,with,all,Male,LPM,policyTRUE:age_grp25-34,-8.63E-05,7.54E-06,-11.45735617,2.16E-30,NA
4.45,all,Monthly 4 yr.,mnwk,with,all,Male,LPM,policyTRUE:age_grp35-44,-5.04E-05,7.48E-06,-6.737837401,1.61E-11,NA
4.46,all,Monthly 4 yr.,mnwk,with,all,Male,LPM,policyTRUE:age_grp45-54,-3.59E-05,7.45E-06,-4.815341501,1.47E-06,NA
4.47,all,Monthly 4 yr.,mnwk,with,all,Male,LPM,policyTRUE:age_grp55-64,-2.54E-05,7.46E-06,-3.407521793,0.000655557,NA
4.48,all,Monthly 4 yr.,mnwk,with,all,Male,LPM,policyTRUE:age_grp65-199,-3.05E-06,7.43E-06,-0.410267651,0.68160962,NA
5,all,Monthly 4 yr.,mnwk,no,all,Female,LPM,(Intercept),-0.000112342,3.34E-06,-33.65451633,2.68E-248,NA
5.1,all,Monthly 4 yr.,mnwk,no,all,Female,LPM,policyTRUE,8.39E-06,6.11E-07,13.74003805,5.84E-43,NA
5.2,all,Monthly 4 yr.,mnwk,no,all,Female,LPM,policy_monthpolicy01,3.53E-05,2.24E-06,15.7560907,6.24E-56,NA
5.3,all,Monthly 4 yr.,mnwk,no,all,Female,LPM,policy_monthpolicy02,2.20E-05,2.19E-06,10.04045621,1.01E-23,NA
5.4,all,Monthly 4 yr.,mnwk,no,all,Female,LPM,policy_monthpolicy03,-3.86E-06,2.11E-06,-1.82608762,0.067837065,NA
5.5,all,Monthly 4 yr.,mnwk,no,all,Female,LPM,policy_monthpolicy04,-4.04E-05,1.94E-06,-20.78378862,6.07E-96,NA
5.6,all,Monthly 4 yr.,mnwk,no,all,Female,LPM,policy_monthpolicy05,-3.92E-05,1.82E-06,-21.47255152,2.81E-102,NA
5.7,all,Monthly 4 yr.,mnwk,no,all,Female,LPM,policy_monthpolicy06,-4.82E-05,2.17E-06,-22.24339583,1.31E-109,NA
5.8,all,Monthly 4 yr.,mnwk,no,all,Female,LPM,policy_monthpolicy07,-3.98E-05,2.12E-06,-18.815804,5.61E-79,NA
5.9,all,Monthly 4 yr.,mnwk,no,all,Female,LPM,policy_monthpolicy08,-5.30E-05,2.07E-06,-25.59528868,1.72E-144,NA
5.1,all,Monthly 4 yr.,mnwk,no,all,Female,LPM,policy_monthpolicy09,-5.32E-05,1.30E-06,-40.82121126,0,NA
5.11,all,Monthly 4 yr.,mnwk,no,all,Female,LPM,policy_monthpolicy10,-0.000103117,1.61E-06,-64.02690022,0,NA
5.12,all,Monthly 4 yr.,mnwk,no,all,Female,LPM,policy_monthpolicy11,-5.25E-05,2.04E-06,-25.77907075,1.52E-146,NA
5.13,all,Monthly 4 yr.,mnwk,no,all,Female,LPM,policy_monthpolicy12,-2.19E-05,2.06E-06,-10.65580617,1.64E-26,NA
5.14,all,Monthly 4 yr.,mnwk,no,all,Female,LPM,age_grp16-19,0.000271963,3.70E-06,73.48538587,0,NA
5.15,all,Monthly 4 yr.,mnwk,no,all,Female,LPM,age_grp20-24,0.000269173,3.37E-06,79.85839232,0,NA
5.16,all,Monthly 4 yr.,mnwk,no,all,Female,LPM,age_grp25-34,0.000209733,3.23E-06,64.89730247,0,NA
5.17,all,Monthly 4 yr.,mnwk,no,all,Female,LPM,age_grp35-44,0.000191623,3.22E-06,59.51237495,0,NA
5.18,all,Monthly 4 yr.,mnwk,no,all,Female,LPM,age_grp45-54,0.000139685,3.20E-06,43.59283436,0,NA
5.19,all,Monthly 4 yr.,mnwk,no,all,Female,LPM,age_grp55-64,9.20E-05,3.21E-06,28.7046949,3.33E-181,NA
5.2,all,Monthly 4 yr.,mnwk,no,all,Female,LPM,age_grp65-199,4.65E-05,3.20E-06,14.52446734,8.48E-48,NA
5.21,all,Monthly 4 yr.,mnwk,no,all,Female,LPM,curr_pts_grp1-3,0.000434148,1.22E-06,356.0795546,0,NA
5.22,all,Monthly 4 yr.,mnwk,no,all,Female,LPM,curr_pts_grp4-6,0.00090334,3.44E-06,262.6567675,0,NA
5.23,all,Monthly 4 yr.,mnwk,no,all,Female,LPM,curr_pts_grp7-9,0.001274035,7.67E-06,166.0886399,0,NA
5.24,all,Monthly 4 yr.,mnwk,no,all,Female,LPM,curr_pts_grp10-150,0.001745055,1.37E-05,126.9137432,0,NA
5.25,all,Monthly 4 yr.,mnwk,no,all,Female,LPM,month02,4.51E-05,1.41E-06,32.01140057,7.57E-225,NA
5.26,all,Monthly 4 yr.,mnwk,no,all,Female,LPM,month03,5.67E-05,1.39E-06,40.80758699,0,NA
5.27,all,Monthly 4 yr.,mnwk,no,all,Female,LPM,month04,4.25E-05,1.38E-06,30.69977325,5.73E-207,NA
5.28,all,Monthly 4 yr.,mnwk,no,all,Female,LPM,month05,5.28E-05,1.39E-06,38.05251907,7.82280717792192e-317,NA
5.29,all,Monthly 4 yr.,mnwk,no,all,Female,LPM,month06,4.13E-05,1.38E-06,29.81780817,2.30E-195,NA
5.3,all,Monthly 4 yr.,mnwk,no,all,Female,LPM,month07,2.51E-05,1.35E-06,18.64444692,1.40E-77,NA
5.31,all,Monthly 4 yr.,mnwk,no,all,Female,LPM,month08,3.38E-06,1.32E-06,2.560174122,0.010461973,NA
5.32,all,Monthly 4 yr.,mnwk,no,all,Female,LPM,month09,8.88E-05,1.44E-06,61.52067307,0,NA
5.33,all,Monthly 4 yr.,mnwk,no,all,Female,LPM,month10,7.62E-05,1.42E-06,53.85226798,0,NA
5.34,all,Monthly 4 yr.,mnwk,no,all,Female,LPM,month11,7.42E-05,1.43E-06,51.9860824,0,NA
5.35,all,Monthly 4 yr.,mnwk,no,all,Female,LPM,month12,-0.000104918,1.16E-06,-90.57152961,0,NA
5.36,all,Monthly 4 yr.,mnwk,no,all,Female,LPM,weekdayMonday,0.000132452,8.33E-07,158.9443988,0,NA
5.37,all,Monthly 4 yr.,mnwk,no,all,Female,LPM,weekdayTuesday,0.00017544,8.74E-07,200.769697,0,NA
5.38,all,Monthly 4 yr.,mnwk,no,all,Female,LPM,weekdayWednesday,0.000191284,8.88E-07,215.3213398,0,NA
5.39,all,Monthly 4 yr.,mnwk,no,all,Female,LPM,weekdayThursday,0.000171288,8.72E-07,196.4918105,0,NA
5.4,all,Monthly 4 yr.,mnwk,no,all,Female,LPM,weekdayFriday,0.000124389,8.27E-07,150.3747473,0,NA
5.41,all,Monthly 4 yr.,mnwk,no,all,Female,LPM,weekdaySaturday,2.16E-05,7.18E-07,30.03692901,3.23E-198,NA
6,all,Monthly 4 yr.,mnwk,with,all,Female,LPM,(Intercept),-0.000112812,4.75E-06,-23.75606114,9.51E-125,NA
6.1,all,Monthly 4 yr.,mnwk,with,all,Female,LPM,policyTRUE,9.28E-06,6.36E-06,1.460346174,0.144194958,NA
6.2,all,Monthly 4 yr.,mnwk,with,all,Female,LPM,policy_monthpolicy01,3.53E-05,2.24E-06,15.77775883,4.43E-56,NA
6.3,all,Monthly 4 yr.,mnwk,with,all,Female,LPM,policy_monthpolicy02,2.20E-05,2.19E-06,10.06092545,8.22E-24,NA
6.4,all,Monthly 4 yr.,mnwk,with,all,Female,LPM,policy_monthpolicy03,-3.82E-06,2.11E-06,-1.806429705,0.070851245,NA
6.5,all,Monthly 4 yr.,mnwk,with,all,Female,LPM,policy_monthpolicy04,-4.04E-05,1.94E-06,-20.76384323,9.19E-96,NA
6.6,all,Monthly 4 yr.,mnwk,with,all,Female,LPM,policy_monthpolicy05,-3.91E-05,1.82E-06,-21.4525291,4.32E-102,NA
6.7,all,Monthly 4 yr.,mnwk,with,all,Female,LPM,policy_monthpolicy06,-4.82E-05,2.17E-06,-22.22858013,1.82E-109,NA
6.8,all,Monthly 4 yr.,mnwk,with,all,Female,LPM,policy_monthpolicy07,-3.98E-05,2.12E-06,-18.80232285,7.23E-79,NA
6.9,all,Monthly 4 yr.,mnwk,with,all,Female,LPM,policy_monthpolicy08,-5.30E-05,2.07E-06,-25.58322541,2.35E-144,NA
6.1,all,Monthly 4 yr.,mnwk,with,all,Female,LPM,policy_monthpolicy09,-5.31E-05,1.30E-06,-40.80114573,0,NA
6.11,all,Monthly 4 yr.,mnwk,with,all,Female,LPM,policy_monthpolicy10,-0.000103098,1.61E-06,-64.01362696,0,NA
6.12,all,Monthly 4 yr.,mnwk,with,all,Female,LPM,policy_monthpolicy11,-5.25E-05,2.04E-06,-25.77107834,1.87E-146,NA
6.13,all,Monthly 4 yr.,mnwk,with,all,Female,LPM,policy_monthpolicy12,-2.19E-05,2.06E-06,-10.64933091,1.76E-26,NA
6.14,all,Monthly 4 yr.,mnwk,with,all,Female,LPM,age_grp16-19,0.000268032,5.41E-06,49.56477751,0,NA
6.15,all,Monthly 4 yr.,mnwk,with,all,Female,LPM,age_grp20-24,0.000269637,4.92E-06,54.79298816,0,NA
6.16,all,Monthly 4 yr.,mnwk,with,all,Female,LPM,age_grp25-34,0.000214794,4.73E-06,45.40023077,0,NA
6.17,all,Monthly 4 yr.,mnwk,with,all,Female,LPM,age_grp35-44,0.000191501,4.71E-06,40.65131074,0,NA
6.18,all,Monthly 4 yr.,mnwk,with,all,Female,LPM,age_grp45-54,0.000140805,4.69E-06,30.01465486,6.32E-198,NA
6.19,all,Monthly 4 yr.,mnwk,with,all,Female,LPM,age_grp55-64,9.15E-05,4.69E-06,19.50611021,9.74E-85,NA
6.2,all,Monthly 4 yr.,mnwk,with,all,Female,LPM,age_grp65-199,4.16E-05,4.69E-06,8.871786559,7.20E-19,NA
6.21,all,Monthly 4 yr.,mnwk,with,all,Female,LPM,curr_pts_grp1-3,0.000434162,1.22E-06,356.08869,0,NA
6.22,all,Monthly 4 yr.,mnwk,with,all,Female,LPM,curr_pts_grp4-6,0.000903412,3.44E-06,262.6749595,0,NA
6.23,all,Monthly 4 yr.,mnwk,with,all,Female,LPM,curr_pts_grp7-9,0.001274156,7.67E-06,166.1041032,0,NA
6.24,all,Monthly 4 yr.,mnwk,with,all,Female,LPM,curr_pts_grp10-150,0.001745299,1.38E-05,126.9276477,0,NA
6.25,all,Monthly 4 yr.,mnwk,with,all,Female,LPM,month02,4.51E-05,1.41E-06,32.0122362,7.37E-225,NA
6.26,all,Monthly 4 yr.,mnwk,with,all,Female,LPM,month03,5.67E-05,1.39E-06,40.80880849,0,NA
6.27,all,Monthly 4 yr.,mnwk,with,all,Female,LPM,month04,4.25E-05,1.38E-06,30.69510921,6.62E-207,NA
6.28,all,Monthly 4 yr.,mnwk,with,all,Female,LPM,month05,5.28E-05,1.39E-06,38.04811539,9.25089503404442e-317,NA
6.29,all,Monthly 4 yr.,mnwk,with,all,Female,LPM,month06,4.12E-05,1.38E-06,29.81368442,2.60E-195,NA
6.3,all,Monthly 4 yr.,mnwk,with,all,Female,LPM,month07,2.51E-05,1.35E-06,18.64066557,1.50E-77,NA
6.31,all,Monthly 4 yr.,mnwk,with,all,Female,LPM,month08,3.38E-06,1.32E-06,2.556905539,0.010560789,NA
6.32,all,Monthly 4 yr.,mnwk,with,all,Female,LPM,month09,8.88E-05,1.44E-06,61.51828935,0,NA
6.33,all,Monthly 4 yr.,mnwk,with,all,Female,LPM,month10,7.62E-05,1.42E-06,53.85044062,0,NA
6.34,all,Monthly 4 yr.,mnwk,with,all,Female,LPM,month11,7.42E-05,1.43E-06,51.98499422,0,NA
6.35,all,Monthly 4 yr.,mnwk,with,all,Female,LPM,month12,-0.000104918,1.16E-06,-90.5720912,0,NA
6.36,all,Monthly 4 yr.,mnwk,with,all,Female,LPM,weekdayMonday,0.000132452,8.33E-07,158.9443999,0,NA
6.37,all,Monthly 4 yr.,mnwk,with,all,Female,LPM,weekdayTuesday,0.00017544,8.74E-07,200.7695204,0,NA
6.38,all,Monthly 4 yr.,mnwk,with,all,Female,LPM,weekdayWednesday,0.000191284,8.88E-07,215.3212828,0,NA
6.39,all,Monthly 4 yr.,mnwk,with,all,Female,LPM,weekdayThursday,0.000171288,8.72E-07,196.4918685,0,NA
6.4,all,Monthly 4 yr.,mnwk,with,all,Female,LPM,weekdayFriday,0.000124389,8.27E-07,150.3748065,0,NA
6.41,all,Monthly 4 yr.,mnwk,with,all,Female,LPM,weekdaySaturday,2.16E-05,7.18E-07,30.03684062,3.24E-198,NA
6.42,all,Monthly 4 yr.,mnwk,with,all,Female,LPM,policyTRUE:age_grp16-19,7.27E-06,7.41E-06,0.98064161,0.326769508,NA
6.43,all,Monthly 4 yr.,mnwk,with,all,Female,LPM,policyTRUE:age_grp20-24,-9.05E-07,6.77E-06,-0.133791808,0.893567205,NA
6.44,all,Monthly 4 yr.,mnwk,with,all,Female,LPM,policyTRUE:age_grp25-34,-9.92E-06,6.48E-06,-1.529515968,0.126136584,NA
6.45,all,Monthly 4 yr.,mnwk,with,all,Female,LPM,policyTRUE:age_grp35-44,2.80E-07,6.46E-06,0.043400353,0.965382397,NA
6.46,all,Monthly 4 yr.,mnwk,with,all,Female,LPM,policyTRUE:age_grp45-54,-2.17E-06,6.42E-06,-0.33812053,0.73527236,NA
6.47,all,Monthly 4 yr.,mnwk,with,all,Female,LPM,policyTRUE:age_grp55-64,8.78E-07,6.42E-06,0.136686083,0.89127893,NA
6.48,all,Monthly 4 yr.,mnwk,with,all,Female,LPM,policyTRUE:age_grp65-199,9.18E-06,6.42E-06,1.431021031,0.152424188,NA
7,all,Monthly 4 yr.,mnwk,no,all,All,Logit,(Intercept),-9.432828918,0.01866862,-505.2772505,0,NA
7.1,all,Monthly 4 yr.,mnwk,no,all,All,Logit,policyTRUE,-0.049825335,0.001214431,-41.02771336,0,-2.057906013
7.2,all,Monthly 4 yr.,mnwk,no,all,All,Logit,policy_monthpolicy01,0.135279254,0.00388191,34.8486316,4.47E-266,4.98727706
7.3,all,Monthly 4 yr.,mnwk,no,all,All,Logit,policy_monthpolicy02,0.095993557,0.003808614,25.2043282,3.59E-140,4.191745747
7.4,all,Monthly 4 yr.,mnwk,no,all,All,Logit,policy_monthpolicy03,0.020903345,0.004001873,5.223391015,1.76E-07,0.936927711
7.5,all,Monthly 4 yr.,mnwk,no,all,All,Logit,policy_monthpolicy04,-0.114376826,0.004125317,-27.72558604,3.43E-169,-4.856425436
7.6,all,Monthly 4 yr.,mnwk,no,all,All,Logit,policy_monthpolicy05,-0.117731658,0.004386722,-26.83818233,1.16E-158,-5.184660407
7.7,all,Monthly 4 yr.,mnwk,no,all,All,Logit,policy_monthpolicy06,-0.134528892,0.003917645,-34.33922177,2.04E-258,-5.764619004
7.8,all,Monthly 4 yr.,mnwk,no,all,All,Logit,policy_monthpolicy07,-0.096632957,0.003872467,-24.95384829,1.94E-137,-4.02344209
7.9,all,Monthly 4 yr.,mnwk,no,all,All,Logit,policy_monthpolicy08,-0.147666169,0.004082906,-36.16693088,2.02E-286,-5.536283647
7.1,all,Monthly 4 yr.,mnwk,no,all,All,Logit,policy_monthpolicy09,-0.281264422,0.006081202,-46.2514526,0,-13.69157162
7.11,all,Monthly 4 yr.,mnwk,no,all,All,Logit,policy_monthpolicy10,-0.413099507,0.004870448,-84.81754998,0,-19.45202734
7.12,all,Monthly 4 yr.,mnwk,no,all,All,Logit,policy_monthpolicy11,-0.153502837,0.004310447,-35.61181332,9.20E-278,-7.035334716
7.13,all,Monthly 4 yr.,mnwk,no,all,All,Logit,policy_monthpolicy12,-0.060115134,0.003942055,-15.24969426,1.65E-52,-1.261531829
7.14,all,Monthly 4 yr.,mnwk,no,all,All,Logit,age_grp16-19,1.176047941,0.018632736,63.11729667,0,NA
7.15,all,Monthly 4 yr.,mnwk,no,all,All,Logit,age_grp20-24,1.045936897,0.018553311,56.37467549,0,NA
7.16,all,Monthly 4 yr.,mnwk,no,all,All,Logit,age_grp25-34,0.873957974,0.018525222,47.17665409,0,NA
7.17,all,Monthly 4 yr.,mnwk,no,all,All,Logit,age_grp35-44,0.78822917,0.018524997,42.5494898,0,NA
7.18,all,Monthly 4 yr.,mnwk,no,all,All,Logit,age_grp45-54,0.670056653,0.018527252,36.16600374,2.08E-286,NA
7.19,all,Monthly 4 yr.,mnwk,no,all,All,Logit,age_grp55-64,0.50046497,0.018551315,26.97733074,2.73E-160,NA
7.2,all,Monthly 4 yr.,mnwk,no,all,All,Logit,age_grp65-199,0.1769137,0.018607053,9.507883751,1.95E-21,NA
7.21,all,Monthly 4 yr.,mnwk,no,all,All,Logit,curr_pts_grp1-3,1.160515549,0.001225855,946.6988079,0,NA
7.22,all,Monthly 4 yr.,mnwk,no,all,All,Logit,curr_pts_grp4-6,1.665451983,0.001588795,1048.248203,0,NA
7.23,all,Monthly 4 yr.,mnwk,no,all,All,Logit,curr_pts_grp7-9,1.936530923,0.002170006,892.4082882,0,NA
7.24,all,Monthly 4 yr.,mnwk,no,all,All,Logit,curr_pts_grp10-150,2.184535519,0.00231832,942.292598,0,NA
7.25,all,Monthly 4 yr.,mnwk,no,all,All,Logit,month02,0.14417292,0.002857893,50.44727705,0,NA
7.26,all,Monthly 4 yr.,mnwk,no,all,All,Logit,month03,0.161492058,0.002785419,57.97765421,0,NA
7.27,all,Monthly 4 yr.,mnwk,no,all,All,Logit,month04,0.093172122,0.002888641,32.25465291,3.03E-228,NA
7.28,all,Monthly 4 yr.,mnwk,no,all,All,Logit,month05,0.132317297,0.002830626,46.74488208,0,NA
7.29,all,Monthly 4 yr.,mnwk,no,all,All,Logit,month06,0.116912902,0.002862875,40.83758928,0,NA
7.3,all,Monthly 4 yr.,mnwk,no,all,All,Logit,month07,0.100323387,0.002852009,35.17639313,4.59E-271,NA
7.31,all,Monthly 4 yr.,mnwk,no,all,All,Logit,month08,-0.0008447,0.002916682,-0.28961006,0.77211457,NA
7.32,all,Monthly 4 yr.,mnwk,no,all,All,Logit,month09,0.260302211,0.002763697,94.18622628,0,NA
7.33,all,Monthly 4 yr.,mnwk,no,all,All,Logit,month10,0.214293009,0.002764347,77.52029275,0,NA
7.34,all,Monthly 4 yr.,mnwk,no,all,All,Logit,month11,0.19888608,0.002791211,71.25440208,0,NA
7.35,all,Monthly 4 yr.,mnwk,no,all,All,Logit,month12,-0.572699031,0.003425639,-167.1802009,0,NA
7.36,all,Monthly 4 yr.,mnwk,no,all,All,Logit,weekdayMonday,0.427115716,0.002084308,204.9196833,0,NA
7.37,all,Monthly 4 yr.,mnwk,no,all,All,Logit,weekdayTuesday,0.533634422,0.002042875,261.2173963,0,NA
7.38,all,Monthly 4 yr.,mnwk,no,all,All,Logit,weekdayWednesday,0.582626085,0.002024884,287.7330235,0,NA
7.39,all,Monthly 4 yr.,mnwk,no,all,All,Logit,weekdayThursday,0.533132667,0.002044718,260.7365269,0,NA
7.4,all,Monthly 4 yr.,mnwk,no,all,All,Logit,weekdayFriday,0.436651024,0.002082247,209.701808,0,NA
7.41,all,Monthly 4 yr.,mnwk,no,all,All,Logit,weekdaySaturday,0.102480454,0.002237251,45.80641548,0,NA
8,all,Monthly 4 yr.,mnwk,with,all,All,Logit,(Intercept),-9.456883507,0.026065894,-362.8067954,0,NA
8.1,all,Monthly 4 yr.,mnwk,with,all,All,Logit,policyTRUE,-0.000346775,0.036995629,-0.009373415,0.992521206,-0.005344387
8.2,all,Monthly 4 yr.,mnwk,with,all,All,Logit,policy_monthpolicy01,0.135578974,0.003881947,34.92551233,3.05E-267,NA
8.3,all,Monthly 4 yr.,mnwk,with,all,All,Logit,policy_monthpolicy02,0.096280181,0.003808646,25.27937316,5.39E-141,NA
8.4,all,Monthly 4 yr.,mnwk,with,all,All,Logit,policy_monthpolicy03,0.021178989,0.004001896,5.292239152,1.21E-07,NA
8.5,all,Monthly 4 yr.,mnwk,with,all,All,Logit,policy_monthpolicy04,-0.114109964,0.004125334,-27.6607811,2.07E-168,NA
8.6,all,Monthly 4 yr.,mnwk,with,all,All,Logit,policy_monthpolicy05,-0.117473165,0.004386734,-26.77918283,5.65E-158,NA
8.7,all,Monthly 4 yr.,mnwk,with,all,All,Logit,policy_monthpolicy06,-0.134279771,0.003917653,-34.27556921,1.81E-257,NA
8.8,all,Monthly 4 yr.,mnwk,with,all,All,Logit,policy_monthpolicy07,-0.096392089,0.00387247,-24.89162989,9.17E-137,NA
8.9,all,Monthly 4 yr.,mnwk,with,all,All,Logit,policy_monthpolicy08,-0.147430014,0.004082905,-36.10909637,1.63E-285,NA
8.1,all,Monthly 4 yr.,mnwk,with,all,All,Logit,policy_monthpolicy09,-0.281033607,0.006081201,-46.21350082,0,NA
8.11,all,Monthly 4 yr.,mnwk,with,all,All,Logit,policy_monthpolicy10,-0.412897015,0.004870445,-84.77604043,0,NA
8.12,all,Monthly 4 yr.,mnwk,with,all,All,Logit,policy_monthpolicy11,-0.153342194,0.004310437,-35.57462888,3.46E-277,NA
8.13,all,Monthly 4 yr.,mnwk,with,all,All,Logit,policy_monthpolicy12,-0.059984109,0.003942042,-15.21650748,2.75E-52,NA
8.14,all,Monthly 4 yr.,mnwk,with,all,All,Logit,age_grp16-19,1.209944256,0.026148794,46.27151285,0,NA
8.15,all,Monthly 4 yr.,mnwk,with,all,All,Logit,age_grp20-24,1.086277986,0.02602557,41.73887361,0,NA
8.16,all,Monthly 4 yr.,mnwk,with,all,All,Logit,age_grp25-34,0.91494577,0.025988512,35.20577696,1.63E-271,NA
8.17,all,Monthly 4 yr.,mnwk,with,all,All,Logit,age_grp35-44,0.809253435,0.025988703,31.13866159,7.22E-213,NA
8.18,all,Monthly 4 yr.,mnwk,with,all,All,Logit,age_grp45-54,0.686372663,0.02599431,26.40472664,1.21E-153,NA
8.19,all,Monthly 4 yr.,mnwk,with,all,All,Logit,age_grp55-64,0.511086372,0.026031372,19.63347818,8.00E-86,NA
8.2,all,Monthly 4 yr.,mnwk,with,all,All,Logit,age_grp65-199,0.154979676,0.026122487,5.93280701,2.98E-09,NA
8.21,all,Monthly 4 yr.,mnwk,with,all,All,Logit,curr_pts_grp1-3,1.160245907,0.001225834,946.4955017,0,NA
8.22,all,Monthly 4 yr.,mnwk,with,all,All,Logit,curr_pts_grp4-6,1.665266132,0.001588739,1048.168432,0,NA
8.23,all,Monthly 4 yr.,mnwk,with,all,All,Logit,curr_pts_grp7-9,1.936374774,0.002169987,892.3438091,0,NA
8.24,all,Monthly 4 yr.,mnwk,with,all,All,Logit,curr_pts_grp10-150,2.185419154,0.002318338,942.6662151,0,NA
8.25,all,Monthly 4 yr.,mnwk,with,all,All,Logit,month02,0.144173584,0.002857898,50.44742413,0,NA
8.26,all,Monthly 4 yr.,mnwk,with,all,All,Logit,month03,0.161493201,0.002785424,57.97796341,0,NA
8.27,all,Monthly 4 yr.,mnwk,with,all,All,Logit,month04,0.093202515,0.002888649,32.26509356,2.16E-228,NA
8.28,all,Monthly 4 yr.,mnwk,with,all,All,Logit,month05,0.132353283,0.002830635,46.75746037,0,NA
8.29,all,Monthly 4 yr.,mnwk,with,all,All,Logit,month06,0.116952284,0.002862882,40.85123616,0,NA
8.3,all,Monthly 4 yr.,mnwk,with,all,All,Logit,month07,0.100360292,0.002852016,35.18924859,2.92E-271,NA
8.31,all,Monthly 4 yr.,mnwk,with,all,All,Logit,month08,-0.000812053,0.002916688,-0.278416063,0.78069299,NA
8.32,all,Monthly 4 yr.,mnwk,with,all,All,Logit,month09,0.26032678,0.002763703,94.19492403,0,NA
8.33,all,Monthly 4 yr.,mnwk,with,all,All,Logit,month10,0.214309338,0.002764352,77.52605656,0,NA
8.34,all,Monthly 4 yr.,mnwk,with,all,All,Logit,month11,0.198893614,0.002791216,71.25697811,0,NA
8.35,all,Monthly 4 yr.,mnwk,with,all,All,Logit,month12,-0.57269827,0.003425643,-167.1798079,0,NA
8.36,all,Monthly 4 yr.,mnwk,with,all,All,Logit,weekdayMonday,0.427115666,0.002084308,204.9196332,0,NA
8.37,all,Monthly 4 yr.,mnwk,with,all,All,Logit,weekdayTuesday,0.533634193,0.002042875,261.2172514,0,NA
8.38,all,Monthly 4 yr.,mnwk,with,all,All,Logit,weekdayWednesday,0.582626426,0.002024885,287.733155,0,NA
8.39,all,Monthly 4 yr.,mnwk,with,all,All,Logit,weekdayThursday,0.533133364,0.002044718,260.7368327,0,NA
8.4,all,Monthly 4 yr.,mnwk,with,all,All,Logit,weekdayFriday,0.436651649,0.002082248,209.7020817,0,NA
8.41,all,Monthly 4 yr.,mnwk,with,all,All,Logit,weekdaySaturday,0.102480412,0.002237251,45.80639159,0,NA
8.42,all,Monthly 4 yr.,mnwk,with,all,All,Logit,policyTRUE:age_grp16-19,-0.068439641,0.037261913,-1.836718428,0.066251473,-5.372650346
8.43,all,Monthly 4 yr.,mnwk,with,all,All,Logit,policyTRUE:age_grp20-24,-0.08258492,0.037100375,-2.225986137,0.02601511,-5.923616417
8.44,all,Monthly 4 yr.,mnwk,with,all,All,Logit,policyTRUE:age_grp25-34,-0.083647837,0.037049683,-2.257720712,0.023963077,-4.356496197
8.45,all,Monthly 4 yr.,mnwk,with,all,All,Logit,policyTRUE:age_grp35-44,-0.043296355,0.037051129,-1.168556982,0.242582169,-1.934348978
8.46,all,Monthly 4 yr.,mnwk,with,all,All,Logit,policyTRUE:age_grp45-54,-0.034233789,0.037057274,-0.923807538,0.35558653,-1.254314212
8.47,all,Monthly 4 yr.,mnwk,with,all,All,Logit,policyTRUE:age_grp55-64,-0.023417933,0.037106709,-0.631097012,0.527977095,-0.669360903
8.48,all,Monthly 4 yr.,mnwk,with,all,All,Logit,policyTRUE:age_grp65-199,0.037215361,0.037220304,0.999867209,0.317374775,0.691627447
9,all,Monthly 4 yr.,mnwk,no,all,Male,Logit,(Intercept),-9.144703042,0.019513851,-468.6262513,0,NA
9.1,all,Monthly 4 yr.,mnwk,no,all,Male,Logit,policyTRUE,-0.076218597,0.001451577,-52.50745673,0,-4.034086518
9.2,all,Monthly 4 yr.,mnwk,no,all,Male,Logit,policy_monthpolicy01,0.14825419,0.004655064,31.84793797,1.41E-222,7.142069038
9.3,all,Monthly 4 yr.,mnwk,no,all,Male,Logit,policy_monthpolicy02,0.110962698,0.004558258,24.34322232,6.84E-131,6.250126135
9.4,all,Monthly 4 yr.,mnwk,no,all,Male,Logit,policy_monthpolicy03,0.037951269,0.004761035,7.971223223,1.57E-15,2.171297309
9.5,all,Monthly 4 yr.,mnwk,no,all,Male,Logit,policy_monthpolicy04,-0.096475297,0.004871645,-19.8034342,2.78E-87,-5.1788615
9.6,all,Monthly 4 yr.,mnwk,no,all,Male,Logit,policy_monthpolicy05,-0.096871124,0.005178191,-18.70752128,4.30E-78,-5.398978333
9.7,all,Monthly 4 yr.,mnwk,no,all,Male,Logit,policy_monthpolicy06,-0.120598441,0.00468461,-25.74353811,3.81E-146,-6.615057899
9.8,all,Monthly 4 yr.,mnwk,no,all,Male,Logit,policy_monthpolicy07,-0.078210381,0.004628067,-16.89914555,4.56E-64,-4.240110698
9.9,all,Monthly 4 yr.,mnwk,no,all,Male,Logit,policy_monthpolicy08,-0.132011311,0.004884547,-27.02631634,7.25E-161,-6.414452293
9.1,all,Monthly 4 yr.,mnwk,no,all,Male,Logit,policy_monthpolicy09,-0.250318472,0.007121954,-35.14744447,1.27E-270,-15.50153289
9.11,all,Monthly 4 yr.,mnwk,no,all,Male,Logit,policy_monthpolicy10,-0.369887361,0.005685691,-65.05583316,0,-22.11039553
9.12,all,Monthly 4 yr.,mnwk,no,all,Male,Logit,policy_monthpolicy11,-0.136566564,0.005114312,-26.7028221,4.36E-157,-7.925624081
9.13,all,Monthly 4 yr.,mnwk,no,all,Male,Logit,policy_monthpolicy12,-0.055123996,0.004719822,-11.67925439,1.63E-31,-1.518807843
9.14,all,Monthly 4 yr.,mnwk,no,all,Male,Logit,age_grp16-19,1.216281992,0.019459756,62.50242875,0,NA
9.15,all,Monthly 4 yr.,mnwk,no,all,Male,Logit,age_grp20-24,1.067405103,0.01936556,55.1187306,0,NA
9.16,all,Monthly 4 yr.,mnwk,no,all,Male,Logit,age_grp25-34,0.885288852,0.019329543,45.79978265,0,NA
9.17,all,Monthly 4 yr.,mnwk,no,all,Male,Logit,age_grp35-44,0.784688216,0.019330311,40.59366647,0,NA
9.18,all,Monthly 4 yr.,mnwk,no,all,Male,Logit,age_grp45-54,0.690978408,0.019332003,35.74272233,8.58E-280,NA
9.19,all,Monthly 4 yr.,mnwk,no,all,Male,Logit,age_grp55-64,0.538906721,0.019361572,27.83383098,1.69E-170,NA
9.2,all,Monthly 4 yr.,mnwk,no,all,Male,Logit,age_grp65-199,0.201236832,0.019428204,10.35797399,3.85E-25,NA
9.21,all,Monthly 4 yr.,mnwk,no,all,Male,Logit,curr_pts_grp1-3,1.083204335,0.001474601,734.5745403,0,NA
9.22,all,Monthly 4 yr.,mnwk,no,all,Male,Logit,curr_pts_grp4-6,1.534367264,0.00183341,836.8927686,0,NA
9.23,all,Monthly 4 yr.,mnwk,no,all,Male,Logit,curr_pts_grp7-9,1.779738261,0.002410977,738.181436,0,NA
9.24,all,Monthly 4 yr.,mnwk,no,all,Male,Logit,curr_pts_grp10-150,2.004505543,0.002504685,800.3025226,0,NA
9.25,all,Monthly 4 yr.,mnwk,no,all,Male,Logit,month02,0.133529272,0.003377776,39.53170828,0,NA
9.26,all,Monthly 4 yr.,mnwk,no,all,Male,Logit,month03,0.141835202,0.003298836,42.99552501,0,NA
9.27,all,Monthly 4 yr.,mnwk,no,all,Male,Logit,month04,0.061720023,0.003428739,18.000792,1.92E-72,NA
9.28,all,Monthly 4 yr.,mnwk,no,all,Male,Logit,month05,0.101891805,0.003359288,30.3313733,4.42E-202,NA
9.29,all,Monthly 4 yr.,mnwk,no,all,Male,Logit,month06,0.097554182,0.003389123,28.78449196,3.35E-182,NA
9.3,all,Monthly 4 yr.,mnwk,no,all,Male,Logit,month07,0.098829969,0.003361584,29.39982204,5.52E-190,NA
9.31,all,Monthly 4 yr.,mnwk,no,all,Male,Logit,month08,-0.008271791,0.003443485,-2.4021568,0.01629872,NA
9.32,all,Monthly 4 yr.,mnwk,no,all,Male,Logit,month09,0.235377001,0.003274776,71.8757536,0,NA
9.33,all,Monthly 4 yr.,mnwk,no,all,Male,Logit,month10,0.187750705,0.00327783,57.27897014,0,NA
9.34,all,Monthly 4 yr.,mnwk,no,all,Male,Logit,month11,0.169052145,0.003312832,51.02950062,0,NA
9.35,all,Monthly 4 yr.,mnwk,no,all,Male,Logit,month12,-0.567494943,0.004029932,-140.8199824,0,NA
9.36,all,Monthly 4 yr.,mnwk,no,all,Male,Logit,weekdayMonday,0.349633013,0.002434186,143.6344973,0,NA
9.37,all,Monthly 4 yr.,mnwk,no,all,Male,Logit,weekdayTuesday,0.440482085,0.00239076,184.24357,0,NA
9.38,all,Monthly 4 yr.,mnwk,no,all,Male,Logit,weekdayWednesday,0.490061433,0.002368232,206.9313535,0,NA
9.39,all,Monthly 4 yr.,mnwk,no,all,Male,Logit,weekdayThursday,0.445532481,0.002390407,186.383533,0,NA
9.4,all,Monthly 4 yr.,mnwk,no,all,Male,Logit,weekdayFriday,0.375288532,0.002423615,154.8466082,0,NA
9.41,all,Monthly 4 yr.,mnwk,no,all,Male,Logit,weekdaySaturday,0.091933918,0.002578645,35.65202907,2.19E-278,NA
10,all,Monthly 4 yr.,mnwk,with,all,Male,Logit,(Intercept),-9.188657069,0.027180012,-338.0667026,0,NA
10.1,all,Monthly 4 yr.,mnwk,with,all,Male,Logit,policyTRUE,0.015514141,0.038582509,0.402102951,0.687608261,0.295219952
10.2,all,Monthly 4 yr.,mnwk,with,all,Male,Logit,policy_monthpolicy01,0.148686503,0.004655111,31.9404823,7.32E-224,NA
10.3,all,Monthly 4 yr.,mnwk,with,all,Male,Logit,policy_monthpolicy02,0.111376962,0.004558299,24.43388552,7.47E-132,NA
10.4,all,Monthly 4 yr.,mnwk,with,all,Male,Logit,policy_monthpolicy03,0.038350586,0.004761064,8.05504591,7.94E-16,NA
10.5,all,Monthly 4 yr.,mnwk,with,all,Male,Logit,policy_monthpolicy04,-0.096089811,0.004871666,-19.72422097,1.34E-86,NA
10.6,all,Monthly 4 yr.,mnwk,with,all,Male,Logit,policy_monthpolicy05,-0.096499283,0.005178205,-18.63566314,1.65E-77,NA
10.7,all,Monthly 4 yr.,mnwk,with,all,Male,Logit,policy_monthpolicy06,-0.120243211,0.004684616,-25.66767516,2.68E-145,NA
10.8,all,Monthly 4 yr.,mnwk,with,all,Male,Logit,policy_monthpolicy07,-0.077871925,0.004628067,-16.82601387,1.57E-63,NA
10.9,all,Monthly 4 yr.,mnwk,with,all,Male,Logit,policy_monthpolicy08,-0.131684541,0.004884543,-26.95944137,4.42E-160,NA
10.1,all,Monthly 4 yr.,mnwk,with,all,Male,Logit,policy_monthpolicy09,-0.250001735,0.007121951,-35.10298338,6.07E-270,NA
10.11,all,Monthly 4 yr.,mnwk,with,all,Male,Logit,policy_monthpolicy10,-0.369608274,0.005685683,-65.00684091,0,NA
10.12,all,Monthly 4 yr.,mnwk,with,all,Male,Logit,policy_monthpolicy11,-0.136345334,0.005114293,-26.6596647,1.38E-156,NA
10.13,all,Monthly 4 yr.,mnwk,with,all,Male,Logit,policy_monthpolicy12,-0.054945145,0.004719797,-11.64142076,2.54E-31,NA
10.14,all,Monthly 4 yr.,mnwk,with,all,Male,Logit,age_grp16-19,1.269667217,0.027271555,46.55646573,0,NA
10.15,all,Monthly 4 yr.,mnwk,with,all,Male,Logit,age_grp20-24,1.129896629,0.027126905,41.65225012,0,NA
10.16,all,Monthly 4 yr.,mnwk,with,all,Male,Logit,age_grp25-34,0.948017462,0.027081244,35.00642194,1.80E-268,NA
10.17,all,Monthly 4 yr.,mnwk,with,all,Male,Logit,age_grp35-44,0.827483857,0.027083404,30.55317089,5.13E-205,NA
10.18,all,Monthly 4 yr.,mnwk,with,all,Male,Logit,age_grp45-54,0.724837885,0.027089394,26.75725761,1.02E-157,NA
10.19,all,Monthly 4 yr.,mnwk,with,all,Male,Logit,age_grp55-64,0.566645211,0.027134926,20.88250418,7.72E-97,NA
10.2,all,Monthly 4 yr.,mnwk,with,all,Male,Logit,age_grp65-199,0.196895345,0.027243299,7.227294359,4.93E-13,NA
10.21,all,Monthly 4 yr.,mnwk,with,all,Male,Logit,curr_pts_grp1-3,1.082780879,0.001474598,734.2889016,0,NA
10.22,all,Monthly 4 yr.,mnwk,with,all,Male,Logit,curr_pts_grp4-6,1.534003027,0.001833353,836.7200446,0,NA
10.23,all,Monthly 4 yr.,mnwk,with,all,Male,Logit,curr_pts_grp7-9,1.779394209,0.002410967,738.0416549,0,NA
10.24,all,Monthly 4 yr.,mnwk,with,all,Male,Logit,curr_pts_grp10-150,2.005410993,0.002504585,800.6958067,0,NA
10.25,all,Monthly 4 yr.,mnwk,with,all,Male,Logit,month02,0.133532485,0.003377784,39.53256805,0,NA
10.26,all,Monthly 4 yr.,mnwk,with,all,Male,Logit,month03,0.141840622,0.003298844,42.99706613,0,NA
10.27,all,Monthly 4 yr.,mnwk,with,all,Male,Logit,month04,0.06175056,0.003428751,18.00963911,1.64E-72,NA
10.28,all,Monthly 4 yr.,mnwk,with,all,Male,Logit,month05,0.101929522,0.0033593,30.34248596,3.16E-202,NA
10.29,all,Monthly 4 yr.,mnwk,with,all,Male,Logit,month06,0.097595638,0.003389135,28.79662219,2.36E-182,NA
10.3,all,Monthly 4 yr.,mnwk,with,all,Male,Logit,month07,0.098868525,0.003361595,29.41119792,3.95E-190,NA
10.31,all,Monthly 4 yr.,mnwk,with,all,Male,Logit,month08,-0.008238341,0.003443495,-2.392435946,0.016736949,NA
10.32,all,Monthly 4 yr.,mnwk,with,all,Male,Logit,month09,0.235401403,0.003274785,71.88301068,0,NA
10.33,all,Monthly 4 yr.,mnwk,with,all,Male,Logit,month10,0.187766643,0.003277838,57.28369171,0,NA
10.34,all,Monthly 4 yr.,mnwk,with,all,Male,Logit,month11,0.169059083,0.003312839,51.03147659,0,NA
10.35,all,Monthly 4 yr.,mnwk,with,all,Male,Logit,month12,-0.567494953,0.004029937,-140.8197907,0,NA
10.36,all,Monthly 4 yr.,mnwk,with,all,Male,Logit,weekdayMonday,0.349632934,0.002434186,143.6344414,0,NA
10.37,all,Monthly 4 yr.,mnwk,with,all,Male,Logit,weekdayTuesday,0.440481687,0.00239076,184.2433733,0,NA
10.38,all,Monthly 4 yr.,mnwk,with,all,Male,Logit,weekdayWednesday,0.490061905,0.002368232,206.9315169,0,NA
10.39,all,Monthly 4 yr.,mnwk,with,all,Male,Logit,weekdayThursday,0.445533461,0.002390407,186.38391,0,NA
10.4,all,Monthly 4 yr.,mnwk,with,all,Male,Logit,weekdayFriday,0.375289455,0.002423615,154.8469636,0,NA
10.41,all,Monthly 4 yr.,mnwk,with,all,Male,Logit,weekdaySaturday,0.09193379,0.002578645,35.65197466,2.20E-278,NA
10.42,all,Monthly 4 yr.,mnwk,with,all,Male,Logit,policyTRUE:age_grp16-19,-0.110114049,0.038910991,-2.829895761,0.004656317,-11.90479608
10.43,all,Monthly 4 yr.,mnwk,with,all,Male,Logit,policyTRUE:age_grp20-24,-0.130042792,0.038719092,-3.358621942,0.000783322,-12.51876985
10.44,all,Monthly 4 yr.,mnwk,with,all,Male,Logit,policyTRUE:age_grp25-34,-0.130100691,0.038656539,-3.365554544,0.0007639,-8.749805005
10.45,all,Monthly 4 yr.,mnwk,with,all,Male,Logit,policyTRUE:age_grp35-44,-0.089236916,0.038661685,-2.308148609,0.020990872,-4.976658227
10.46,all,Monthly 4 yr.,mnwk,with,all,Male,Logit,policyTRUE:age_grp45-54,-0.071547536,0.038667188,-1.850342338,0.064264224,-3.378654011
10.47,all,Monthly 4 yr.,mnwk,with,all,Male,Logit,policyTRUE:age_grp55-64,-0.059889267,0.03872825,-1.546397469,0.122008605,-2.247661202
10.48,all,Monthly 4 yr.,mnwk,with,all,Male,Logit,policyTRUE:age_grp65-199,0.00034713,0.03886434,0.008931834,0.992873523,0.008222832
11,all,Monthly 4 yr.,mnwk,no,all,Female,Logit,(Intercept),-10.6978229,0.065367701,-163.6560984,0,NA
11.1,all,Monthly 4 yr.,mnwk,no,all,Female,Logit,policyTRUE,0.031029321,0.002220344,13.97500531,2.21E-44,0.837377911
11.2,all,Monthly 4 yr.,mnwk,no,all,Female,Logit,policy_monthpolicy01,0.106253977,0.00703428,15.10516708,1.50E-51,2.442149732
11.3,all,Monthly 4 yr.,mnwk,no,all,Female,Logit,policy_monthpolicy02,0.063215602,0.006932514,9.118712322,7.60E-20,1.778422051
11.4,all,Monthly 4 yr.,mnwk,no,all,Female,Logit,policy_monthpolicy03,-0.015697542,0.007388412,-2.124616535,0.033618623,-0.464979018
11.5,all,Monthly 4 yr.,mnwk,no,all,Female,Logit,policy_monthpolicy04,-0.152661693,0.007758732,-19.67611271,3.46E-86,-4.365074189
11.6,all,Monthly 4 yr.,mnwk,no,all,Female,Logit,policy_monthpolicy05,-0.165357066,0.0082587,-20.02216721,3.53E-89,-4.896178736
11.7,all,Monthly 4 yr.,mnwk,no,all,Female,Logit,policy_monthpolicy06,-0.165356454,0.007145458,-23.14147832,1.77E-118,-4.63542391
11.8,all,Monthly 4 yr.,mnwk,no,all,Female,Logit,policy_monthpolicy07,-0.139044962,0.00707185,-19.66175238,4.59E-86,-3.629269281
11.9,all,Monthly 4 yr.,mnwk,no,all,Female,Logit,policy_monthpolicy08,-0.18416042,0.007438215,-24.75868517,2.50E-135,-4.385490955
11.1,all,Monthly 4 yr.,mnwk,no,all,Female,Logit,policy_monthpolicy09,-0.358363594,0.011688318,-30.65998042,1.95E-206,-11.58897123
11.11,all,Monthly 4 yr.,mnwk,no,all,Female,Logit,policy_monthpolicy10,-0.526841426,0.009450008,-55.75036989,0,-16.57827756
11.12,all,Monthly 4 yr.,mnwk,no,all,Female,Logit,policy_monthpolicy11,-0.197813411,0.00801029,-24.69491233,1.21E-134,-6.098475144
11.13,all,Monthly 4 yr.,mnwk,no,all,Female,Logit,policy_monthpolicy12,-0.077163048,0.007168796,-10.76373842,5.11E-27,-0.995760688
11.14,all,Monthly 4 yr.,mnwk,no,all,Female,Logit,age_grp16-19,1.797747272,0.06535276,27.50836035,1.39E-166,NA
11.15,all,Monthly 4 yr.,mnwk,no,all,Female,Logit,age_grp20-24,1.777496645,0.065241935,27.24469539,1.92E-163,NA
11.16,all,Monthly 4 yr.,mnwk,no,all,Female,Logit,age_grp25-34,1.631258058,0.065210077,25.01542913,4.15E-138,NA
11.17,all,Monthly 4 yr.,mnwk,no,all,Female,Logit,age_grp35-44,1.577672141,0.065208139,24.19440543,2.55E-129,NA
11.18,all,Monthly 4 yr.,mnwk,no,all,Female,Logit,age_grp45-54,1.387910365,0.065211783,21.28312258,1.63E-100,NA
11.19,all,Monthly 4 yr.,mnwk,no,all,Female,Logit,age_grp55-64,1.135965055,0.065240216,17.41203687,6.69E-68,NA
11.2,all,Monthly 4 yr.,mnwk,no,all,Female,Logit,age_grp65-199,0.755007071,0.065314576,11.55954946,6.61E-31,NA
11.21,all,Monthly 4 yr.,mnwk,no,all,Female,Logit,curr_pts_grp1-3,1.154172548,0.002235101,516.3850229,0,NA
11.22,all,Monthly 4 yr.,mnwk,no,all,Female,Logit,curr_pts_grp4-6,1.679195994,0.003318568,506.0001398,0,NA
11.23,all,Monthly 4 yr.,mnwk,no,all,Female,Logit,curr_pts_grp7-9,1.954100122,0.00529947,368.7350239,0,NA
11.24,all,Monthly 4 yr.,mnwk,no,all,Female,Logit,curr_pts_grp10-150,2.200490735,0.007107974,309.5805647,0,NA
11.25,all,Monthly 4 yr.,mnwk,no,all,Female,Logit,month02,0.171721097,0.005362318,32.02366709,5.11E-225,NA
11.26,all,Monthly 4 yr.,mnwk,no,all,Female,Logit,month03,0.21149016,0.005201329,40.66079406,0,NA
11.27,all,Monthly 4 yr.,mnwk,no,all,Female,Logit,month04,0.16289462,0.005366329,30.35494721,2.16E-202,NA
11.28,all,Monthly 4 yr.,mnwk,no,all,Female,Logit,month05,0.200506329,0.005260939,38.11227057,0,NA
11.29,all,Monthly 4 yr.,mnwk,no,all,Female,Logit,month06,0.158837151,0.005351014,29.68355952,1.25E-193,NA
11.3,all,Monthly 4 yr.,mnwk,no,all,Female,Logit,month07,0.098206264,0.005388143,18.22636407,3.19E-74,NA
11.31,all,Monthly 4 yr.,mnwk,no,all,Female,Logit,month08,0.013249369,0.005487337,2.4145354,0.015755292,NA
11.32,all,Monthly 4 yr.,mnwk,no,all,Female,Logit,month09,0.317336499,0.005154818,61.5611444,0,NA
11.33,all,Monthly 4 yr.,mnwk,no,all,Female,Logit,month10,0.276424425,0.005147907,53.69647099,0,NA
11.34,all,Monthly 4 yr.,mnwk,no,all,Female,Logit,month11,0.269675898,0.005186813,51.99260483,0,NA
11.35,all,Monthly 4 yr.,mnwk,no,all,Female,Logit,month12,-0.587910731,0.006504444,-90.3860042,0,NA
11.36,all,Monthly 4 yr.,mnwk,no,all,Female,Logit,weekdayMonday,0.635477802,0.004064366,156.3535053,0,NA
11.37,all,Monthly 4 yr.,mnwk,no,all,Female,Logit,weekdayTuesday,0.777621343,0.003971002,195.8249716,0,NA
11.38,all,Monthly 4 yr.,mnwk,no,all,Female,Logit,weekdayWednesday,0.825364515,0.003941885,209.3831885,0,NA
11.39,all,Monthly 4 yr.,mnwk,no,all,Female,Logit,weekdayThursday,0.764805463,0.003982007,192.0653363,0,NA
11.4,all,Monthly 4 yr.,mnwk,no,all,Female,Logit,weekdayFriday,0.606410166,0.0040885,148.3209363,0,NA
11.41,all,Monthly 4 yr.,mnwk,no,all,Female,Logit,weekdaySaturday,0.134471448,0.004500443,29.87960074,3.62E-196,NA
12,all,Monthly 4 yr.,mnwk,with,all,Female,Logit,(Intercept),-10.67448759,0.09294679,-114.845145,0,NA
12.1,all,Monthly 4 yr.,mnwk,with,all,Female,Logit,policyTRUE,-0.014612247,0.130351219,-0.112099047,0.910744873,-0.070959479
12.2,all,Monthly 4 yr.,mnwk,with,all,Female,Logit,policy_monthpolicy01,0.106435547,0.007034359,15.13080984,1.01E-51,NA
12.3,all,Monthly 4 yr.,mnwk,with,all,Female,Logit,policy_monthpolicy02,0.063392541,0.006932583,9.144144072,6.01E-20,NA
12.4,all,Monthly 4 yr.,mnwk,with,all,Female,Logit,policy_monthpolicy03,-0.015530577,0.007388468,-2.102002481,0.035553059,NA
12.5,all,Monthly 4 yr.,mnwk,with,all,Female,Logit,policy_monthpolicy04,-0.152502134,0.007758776,-19.65543673,5.19E-86,NA
12.6,all,Monthly 4 yr.,mnwk,with,all,Female,Logit,policy_monthpolicy05,-0.16520492,0.008258734,-20.00366105,5.12E-89,NA
12.7,all,Monthly 4 yr.,mnwk,with,all,Female,Logit,policy_monthpolicy06,-0.165213344,0.007145488,-23.12135061,2.82E-118,NA
12.8,all,Monthly 4 yr.,mnwk,with,all,Female,Logit,policy_monthpolicy07,-0.138911247,0.007071871,-19.64278516,6.66E-86,NA
12.9,all,Monthly 4 yr.,mnwk,with,all,Female,Logit,policy_monthpolicy08,-0.184035899,0.007438229,-24.74189707,3.79E-135,NA
12.1,all,Monthly 4 yr.,mnwk,with,all,Female,Logit,policy_monthpolicy09,-0.35824752,0.011688324,-30.65003434,2.64E-206,NA
12.11,all,Monthly 4 yr.,mnwk,with,all,Female,Logit,policy_monthpolicy10,-0.526739017,0.009450011,-55.7395146,0,NA
12.12,all,Monthly 4 yr.,mnwk,with,all,Female,Logit,policy_monthpolicy11,-0.197721798,0.008010289,-24.68347847,1.61E-134,NA
12.13,all,Monthly 4 yr.,mnwk,with,all,Female,Logit,policy_monthpolicy12,-0.077077975,0.007168794,-10.75187541,5.81E-27,NA
12.14,all,Monthly 4 yr.,mnwk,with,all,Female,Logit,age_grp16-19,1.766043752,0.093087432,18.97188173,2.91E-80,NA
12.15,all,Monthly 4 yr.,mnwk,with,all,Female,Logit,age_grp20-24,1.756869206,0.092907578,18.90985916,9.46E-80,NA
12.16,all,Monthly 4 yr.,mnwk,with,all,Female,Logit,age_grp25-34,1.62144979,0.092861761,17.46089863,2.84E-68,NA
12.17,all,Monthly 4 yr.,mnwk,with,all,Female,Logit,age_grp35-44,1.551966753,0.092858805,16.713189,1.05E-62,NA
12.18,all,Monthly 4 yr.,mnwk,with,all,Female,Logit,age_grp45-54,1.365435157,0.092866258,14.70324301,6.14E-49,NA
12.19,all,Monthly 4 yr.,mnwk,with,all,Female,Logit,age_grp55-64,1.106582121,0.092910431,11.91020328,1.05E-32,NA
12.2,all,Monthly 4 yr.,mnwk,with,all,Female,Logit,age_grp65-199,0.684845193,0.093034462,7.361199033,1.82E-13,NA
12.21,all,Monthly 4 yr.,mnwk,with,all,Female,Logit,curr_pts_grp1-3,1.154138913,0.002235044,516.3831389,0,NA
12.22,all,Monthly 4 yr.,mnwk,with,all,Female,Logit,curr_pts_grp4-6,1.679337852,0.003318539,506.0474061,0,NA
12.23,all,Monthly 4 yr.,mnwk,with,all,Female,Logit,curr_pts_grp7-9,1.954416252,0.005299552,368.7889312,0,NA
12.24,all,Monthly 4 yr.,mnwk,with,all,Female,Logit,curr_pts_grp10-150,2.201255146,0.007108937,309.6461703,0,NA
12.25,all,Monthly 4 yr.,mnwk,with,all,Female,Logit,month02,0.171717703,0.005362312,32.02307266,5.21E-225,NA
12.26,all,Monthly 4 yr.,mnwk,with,all,Female,Logit,month03,0.211482586,0.005201323,40.65938494,0,NA
12.27,all,Monthly 4 yr.,mnwk,with,all,Female,Logit,month04,0.162905033,0.005366324,30.35691265,2.04E-202,NA
12.28,all,Monthly 4 yr.,mnwk,with,all,Female,Logit,month05,0.200515022,0.005260935,38.1139518,0,NA
12.29,all,Monthly 4 yr.,mnwk,with,all,Female,Logit,month06,0.158846954,0.00535101,29.68541663,1.18E-193,NA
12.3,all,Monthly 4 yr.,mnwk,with,all,Female,Logit,month07,0.098215562,0.005388138,18.22810673,3.09E-74,NA
12.31,all,Monthly 4 yr.,mnwk,with,all,Female,Logit,month08,0.01325777,0.005487332,2.416068618,0.015689104,NA
12.32,all,Monthly 4 yr.,mnwk,with,all,Female,Logit,month09,0.317342954,0.005154812,61.56246458,0,NA
12.33,all,Monthly 4 yr.,mnwk,with,all,Female,Logit,month10,0.276428922,0.0051479,53.6974119,0,NA
12.34,all,Monthly 4 yr.,mnwk,with,all,Female,Logit,month11,0.269678228,0.005186806,51.99311969,0,NA
12.35,all,Monthly 4 yr.,mnwk,with,all,Female,Logit,month12,-0.587911208,0.006504438,-90.38616814,0,NA
12.36,all,Monthly 4 yr.,mnwk,with,all,Female,Logit,weekdayMonday,0.635477784,0.004064362,156.3536427,0,NA
12.37,all,Monthly 4 yr.,mnwk,with,all,Female,Logit,weekdayTuesday,0.777621273,0.003970998,195.8251334,0,NA
12.38,all,Monthly 4 yr.,mnwk,with,all,Female,Logit,weekdayWednesday,0.825364736,0.003941882,209.3834351,0,NA
12.39,all,Monthly 4 yr.,mnwk,with,all,Female,Logit,weekdayThursday,0.764805986,0.003982003,192.0656428,0,NA
12.4,all,Monthly 4 yr.,mnwk,with,all,Female,Logit,weekdayFriday,0.606410609,0.004088496,148.3211767,0,NA
12.41,all,Monthly 4 yr.,mnwk,with,all,Female,Logit,weekdaySaturday,0.134471468,0.004500439,29.87963064,3.62E-196,NA
12.42,all,Monthly 4 yr.,mnwk,with,all,Female,Logit,policyTRUE:age_grp16-19,0.060804261,0.130691117,0.465251676,0.641751236,2.45584302
12.43,all,Monthly 4 yr.,mnwk,with,all,Female,Logit,policyTRUE:age_grp20-24,0.040239339,0.130463871,0.308432813,0.757753017,1.696283093
12.44,all,Monthly 4 yr.,mnwk,with,all,Female,Logit,policyTRUE:age_grp25-34,0.019188737,0.130402553,0.147150012,0.883013616,0.655624288
12.45,all,Monthly 4 yr.,mnwk,with,all,Female,Logit,policyTRUE:age_grp35-44,0.050205635,0.130399406,0.385014291,0.700226827,1.590612551
12.46,all,Monthly 4 yr.,mnwk,with,all,Female,Logit,policyTRUE:age_grp45-54,0.043875396,0.130409249,0.336443896,0.736536153,1.061559356
12.47,all,Monthly 4 yr.,mnwk,with,all,Female,Logit,policyTRUE:age_grp55-64,0.05701007,0.130468245,0.4369651,0.662136658,0.995227578
12.48,all,Monthly 4 yr.,mnwk,with,all,Female,Logit,policyTRUE:age_grp65-199,0.131304429,0.13062136,1.005229379,0.314786412,1.448054146
