"","past_pts","window","seasonality","age_int","pts_target","sex","reg_type","Variable","Estimate","Std_Error","z_stat","p_value","mfx"
"1","all","Monthly 4 yr.","mnwk","no","all","All","LPM","(Intercept)",-5.88377666720791e-05,2.98392339243386e-06,-19.7182564476254,1.50322282410952e-86,NA
"1.1","all","Monthly 4 yr.","mnwk","no","all","All","LPM","policyTRUE",-2.14905212545785e-05,5.01841592447253e-07,-42.8233163173642,0,NA
"1.2","all","Monthly 4 yr.","mnwk","no","all","All","LPM","policy_monthpolicy01",6.3464841891014e-05,1.82261618634751e-06,34.820738653812,1.18097448714437e-265,NA
"1.3","all","Monthly 4 yr.","mnwk","no","all","All","LPM","policy_monthpolicy02",4.60902212422036e-05,1.79487718049478e-06,25.6787604985307,2.0188196192413e-145,NA
"1.4","all","Monthly 4 yr.","mnwk","no","all","All","LPM","policy_monthpolicy03",1.00903125086753e-05,1.75556342745678e-06,5.74762059340276,9.05080482494935e-09,NA
"1.5","all","Monthly 4 yr.","mnwk","no","all","All","LPM","policy_monthpolicy04",-4.63631305445234e-05,1.64578360978307e-06,-28.1708544604077,1.33104796288379e-174,NA
"1.6","all","Monthly 4 yr.","mnwk","no","all","All","LPM","policy_monthpolicy05",-4.29940956696099e-05,1.54448959339213e-06,-27.837089905658,1.5438003828083e-170,NA
"1.7","all","Monthly 4 yr.","mnwk","no","all","All","LPM","policy_monthpolicy06",-6.02229643398831e-05,1.78010484993352e-06,-33.8311332291085,6.87615634512858e-251,NA
"1.8","all","Monthly 4 yr.","mnwk","no","all","All","LPM","policy_monthpolicy07",-4.25021340528885e-05,1.73958051898726e-06,-24.4324040129123,7.74222184233642e-132,NA
"1.9","all","Monthly 4 yr.","mnwk","no","all","All","LPM","policy_monthpolicy08",-6.40871988389871e-05,1.69945895093425e-06,-37.7103541122639,3.36081865077058e-311,NA
"1.10","all","Monthly 4 yr.","mnwk","no","all","All","LPM","policy_monthpolicy09",-6.01782857240484e-05,1.12068798050961e-06,-53.697627502602,0,NA
"1.11","all","Monthly 4 yr.","mnwk","no","all","All","LPM","policy_monthpolicy10",-0.000130198728844411,1.39441259495149e-06,-93.371738978692,0,NA
"1.12","all","Monthly 4 yr.","mnwk","no","all","All","LPM","policy_monthpolicy11",-6.2993000202522e-05,1.70199192268893e-06,-37.0113391037726,7.52492589003855e-300,NA
"1.13","all","Monthly 4 yr.","mnwk","no","all","All","LPM","policy_monthpolicy12",-2.6223832494835e-05,1.68500371152949e-06,-15.5630710575893,1.29722460920973e-54,NA
"1.14","all","Monthly 4 yr.","mnwk","no","all","All","LPM","age_grp16-19",0.000436028380980676,3.34925321406096e-06,130.186747048603,0,NA
"1.15","all","Monthly 4 yr.","mnwk","no","all","All","LPM","age_grp20-24",0.000346016404693337,3.02154826405743e-06,114.516259365884,0,NA
"1.16","all","Monthly 4 yr.","mnwk","no","all","All","LPM","age_grp25-34",0.000227681669661016,2.8991261237131e-06,78.5345859218463,0,NA
"1.17","all","Monthly 4 yr.","mnwk","no","all","All","LPM","age_grp35-44",0.000185609509394061,2.88768662199433e-06,64.2761953393242,0,NA
"1.18","all","Monthly 4 yr.","mnwk","no","all","All","LPM","age_grp45-54",0.000139666512145148,2.87826433408921e-06,48.5245606148762,0,NA
"1.19","all","Monthly 4 yr.","mnwk","no","all","All","LPM","age_grp55-64",9.02924588487669e-05,2.88045639833777e-06,31.3465806671721,1.08312303078138e-215,NA
"1.20","all","Monthly 4 yr.","mnwk","no","all","All","LPM","age_grp65-199",2.83016098985331e-05,2.87586702079595e-06,9.84107042984906,7.49095450208187e-23,NA
"1.21","all","Monthly 4 yr.","mnwk","no","all","All","LPM","curr_pts_grp1-3",0.00056763690382169,8.44057656431249e-07,672.509631891391,0,NA
"1.22","all","Monthly 4 yr.","mnwk","no","all","All","LPM","curr_pts_grp4-6",0.00115258084819924,2.01961148301498e-06,570.694342893422,0,NA
"1.23","all","Monthly 4 yr.","mnwk","no","all","All","LPM","curr_pts_grp7-9",0.00163760904554795,3.92135518814868e-06,417.613036048665,0,NA
"1.24","all","Monthly 4 yr.","mnwk","no","all","All","LPM","curr_pts_grp10-150",0.00227208395976838,5.59696837386968e-06,405.949043838796,0,NA
"1.25","all","Monthly 4 yr.","mnwk","no","all","All","LPM","month02",5.94629557549701e-05,1.18553146699265e-06,50.1572142203957,0,NA
"1.26","all","Monthly 4 yr.","mnwk","no","all","All","LPM","month03",6.69280825160816e-05,1.16163390469952e-06,57.6154692500936,0,NA
"1.27","all","Monthly 4 yr.","mnwk","no","all","All","LPM","month04",3.69033986100812e-05,1.14941636657401e-06,32.1062059696231,3.61184664134938e-226,NA
"1.28","all","Monthly 4 yr.","mnwk","no","all","All","LPM","month05",5.33306852803411e-05,1.15263334429008e-06,46.2685602013259,0,NA
"1.29","all","Monthly 4 yr.","mnwk","no","all","All","LPM","month06",4.66922967309057e-05,1.15659425689837e-06,40.3705071613618,0,NA
"1.30","all","Monthly 4 yr.","mnwk","no","all","All","LPM","month07",3.98005086667904e-05,1.13986481790643e-06,34.9168673701951,4.12417051484702e-267,NA
"1.31","all","Monthly 4 yr.","mnwk","no","all","All","LPM","month08",-4.00794971833136e-07,1.11247249267949e-06,-0.36027405124219,0.71864220235197,NA
"1.32","all","Monthly 4 yr.","mnwk","no","all","All","LPM","month09",0.000112125515319645,1.20108805562977e-06,93.3532847938067,0,NA
"1.33","all","Monthly 4 yr.","mnwk","no","all","All","LPM","month10",9.09856607477395e-05,1.17691659777477e-06,77.3085033550968,0,NA
"1.34","all","Monthly 4 yr.","mnwk","no","all","All","LPM","month11",8.40357446861462e-05,1.18343441474675e-06,71.0100565261402,0,NA
"1.35","all","Monthly 4 yr.","mnwk","no","all","All","LPM","month12",-0.000165670548924636,9.83799066799138e-07,-168.398766085088,0,NA
"1.36","all","Monthly 4 yr.","mnwk","no","all","All","LPM","weekdayMonday",0.000146433137821865,7.09503783441985e-07,206.388100020383,0,NA
"1.37","all","Monthly 4 yr.","mnwk","no","all","All","LPM","weekdayTuesday",0.000193814589038131,7.33209405195934e-07,264.337292545147,0,NA
"1.38","all","Monthly 4 yr.","mnwk","no","all","All","LPM","weekdayWednesday",0.000217295933629319,7.44675545087534e-07,291.799475708278,0,NA
"1.39","all","Monthly 4 yr.","mnwk","no","all","All","LPM","weekdayThursday",0.000193586619830261,7.3446631542547e-07,263.574538089085,0,NA
"1.40","all","Monthly 4 yr.","mnwk","no","all","All","LPM","weekdayFriday",0.000150532682063985,7.12987870370291e-07,211.129373050632,0,NA
"1.41","all","Monthly 4 yr.","mnwk","no","all","All","LPM","weekdaySaturday",2.97405523638365e-05,6.47301741407627e-07,45.9454230714141,0,NA
"2","all","Monthly 4 yr.","mnwk","with","all","All","LPM","(Intercept)",-7.22941868792907e-05,4.11764804435574e-06,-17.5571554684932,5.24381189332531e-69,NA
"2.1","all","Monthly 4 yr.","mnwk","with","all","All","LPM","policyTRUE",5.64867695104386e-06,5.70693755784371e-06,0.989791266119642,0.322276154680499,NA
"2.2","all","Monthly 4 yr.","mnwk","with","all","All","LPM","policy_monthpolicy01",6.36124366771663e-05,1.82261351010007e-06,34.901769532957,6.98910029169839e-267,NA
"2.3","all","Monthly 4 yr.","mnwk","with","all","All","LPM","policy_monthpolicy02",4.62207942203699e-05,1.79488030305543e-06,25.7514632823638,3.10408578604222e-146,NA
"2.4","all","Monthly 4 yr.","mnwk","with","all","All","LPM","policy_monthpolicy03",1.02064790841011e-05,1.75557819095906e-06,5.81374223982893,6.10914619219747e-09,NA
"2.5","all","Monthly 4 yr.","mnwk","with","all","All","LPM","policy_monthpolicy04",-4.62583984787066e-05,1.6457960510179e-06,-28.1070053911579,8.04358020262485e-174,NA
"2.6","all","Monthly 4 yr.","mnwk","with","all","All","LPM","policy_monthpolicy05",-4.2899625601985e-05,1.54452723615574e-06,-27.7752470773906,8.63719153454802e-170,NA
"2.7","all","Monthly 4 yr.","mnwk","with","all","All","LPM","policy_monthpolicy06",-6.01383847505801e-05,1.78011057858688e-06,-33.7835106841061,3.44481928143743e-250,NA
"2.8","all","Monthly 4 yr.","mnwk","with","all","All","LPM","policy_monthpolicy07",-4.24292734457261e-05,1.73957942643046e-06,-24.390535321971,2.15521232341147e-131,NA
"2.9","all","Monthly 4 yr.","mnwk","with","all","All","LPM","policy_monthpolicy08",-6.40266726749151e-05,1.6994517414625e-06,-37.6748989764285,1.28009694604868e-310,NA
"2.10","all","Monthly 4 yr.","mnwk","with","all","All","LPM","policy_monthpolicy09",-6.01299858975501e-05,1.12073624369574e-06,-53.6522185623851,0,NA
"2.11","all","Monthly 4 yr.","mnwk","with","all","All","LPM","policy_monthpolicy10",-0.000130159691654823,1.39442222751654e-06,-93.3430987303159,0,NA
"2.12","all","Monthly 4 yr.","mnwk","with","all","All","LPM","policy_monthpolicy11",-6.29678349744978e-05,1.70198291589404e-06,-36.9967491368274,1.2916458782258e-299,NA
"2.13","all","Monthly 4 yr.","mnwk","with","all","All","LPM","policy_monthpolicy12",-2.62125699933884e-05,1.68499983626401e-06,-15.5564228727209,1.43921085695116e-54,NA
"2.14","all","Monthly 4 yr.","mnwk","with","all","All","LPM","age_grp16-19",0.000468549207736018,4.80230441844627e-06,97.567577335635,0,NA
"2.15","all","Monthly 4 yr.","mnwk","with","all","All","LPM","age_grp20-24",0.000380097722421261,4.28606462385546e-06,88.6822191867351,0,NA
"2.16","all","Monthly 4 yr.","mnwk","with","all","All","LPM","age_grp25-34",0.000253590252195176,4.10375527523561e-06,61.7946819893192,0,NA
"2.17","all","Monthly 4 yr.","mnwk","with","all","All","LPM","age_grp35-44",0.00019898498349142,4.08314729064887e-06,48.7332367233311,0,NA
"2.18","all","Monthly 4 yr.","mnwk","with","all","All","LPM","age_grp45-54",0.00014932939570852,4.07054262851005e-06,36.6853781760246,1.24940441518314e-294,NA
"2.19","all","Monthly 4 yr.","mnwk","with","all","All","LPM","age_grp55-64",9.61090238119831e-05,4.07414853064463e-06,23.5899656306287,4.88580208740598e-123,NA
"2.20","all","Monthly 4 yr.","mnwk","with","all","All","LPM","age_grp65-199",2.55531433773195e-05,4.06653610180097e-06,6.28376159405118,3.30477393888678e-10,NA
"2.21","all","Monthly 4 yr.","mnwk","with","all","All","LPM","curr_pts_grp1-3",0.000567599276350363,8.44053608072882e-07,672.468277988041,0,NA
"2.22","all","Monthly 4 yr.","mnwk","with","all","All","LPM","curr_pts_grp4-6",0.00115270874571493,2.01963899633808e-06,570.749895305533,0,NA
"2.23","all","Monthly 4 yr.","mnwk","with","all","All","LPM","curr_pts_grp7-9",0.00163778909194186,3.92138522541159e-06,417.655751168889,0,NA
"2.24","all","Monthly 4 yr.","mnwk","with","all","All","LPM","curr_pts_grp10-150",0.00227337687275509,5.59762378148473e-06,406.132487909378,0,NA
"2.25","all","Monthly 4 yr.","mnwk","with","all","All","LPM","month02",5.94699562389946e-05,1.18553181974463e-06,50.163104227607,0,NA
"2.26","all","Monthly 4 yr.","mnwk","with","all","All","LPM","month03",6.69392872913742e-05,1.16163441428496e-06,57.6250896738268,0,NA
"2.27","all","Monthly 4 yr.","mnwk","with","all","All","LPM","month04",3.68605142675769e-05,1.14942384546171e-06,32.0686876413029,1.20522745911127e-225,NA
"2.28","all","Monthly 4 yr.","mnwk","with","all","All","LPM","month05",5.32916128089285e-05,1.15263888096319e-06,46.2344396749797,0,NA
"2.29","all","Monthly 4 yr.","mnwk","with","all","All","LPM","month06",4.66567559242811e-05,1.15659787755734e-06,40.3396520343069,0,NA
"2.30","all","Monthly 4 yr.","mnwk","with","all","All","LPM","month07",3.9769420215786e-05,1.13986784094508e-06,34.8895010344468,1.07275996997829e-266,NA
"2.31","all","Monthly 4 yr.","mnwk","with","all","All","LPM","month08",-4.27267851149612e-07,1.11247596068532e-06,-0.384069288909759,0.70092709302542,NA
"2.32","all","Monthly 4 yr.","mnwk","with","all","All","LPM","month09",0.000112104120445579,1.20108882638063e-06,93.3354119889657,0,NA
"2.33","all","Monthly 4 yr.","mnwk","with","all","All","LPM","month10",9.0969528207644e-05,1.17691772339024e-06,77.2947219671364,0,NA
"2.34","all","Monthly 4 yr.","mnwk","with","all","All","LPM","month11",8.40252382165397e-05,1.18343401471525e-06,71.0012025780391,0,NA
"2.35","all","Monthly 4 yr.","mnwk","with","all","All","LPM","month12",-0.000165675386266298,9.83801035042082e-07,-168.403346169697,0,NA
"2.36","all","Monthly 4 yr.","mnwk","with","all","All","LPM","weekdayMonday",0.000146433133583497,7.0950367264548e-07,206.388126276361,0,NA
"2.37","all","Monthly 4 yr.","mnwk","with","all","All","LPM","weekdayTuesday",0.000193814054792715,7.33209300755656e-07,264.336601558337,0,NA
"2.38","all","Monthly 4 yr.","mnwk","with","all","All","LPM","weekdayWednesday",0.000217295744317752,7.44675447414823e-07,291.799259760887,0,NA
"2.39","all","Monthly 4 yr.","mnwk","with","all","All","LPM","weekdayThursday",0.000193586754029279,7.34466195917916e-07,263.574763692616,0,NA
"2.40","all","Monthly 4 yr.","mnwk","with","all","All","LPM","weekdayFriday",0.000150532765946891,7.12987757668569e-07,211.129524073631,0,NA
"2.41","all","Monthly 4 yr.","mnwk","with","all","All","LPM","weekdaySaturday",2.97401809135329e-05,6.47301619064844e-07,45.9448579110593,0,NA
"2.42","all","Monthly 4 yr.","mnwk","with","all","All","LPM","policyTRUE:age_grp16-19",-6.29628039006063e-05,6.70680858981241e-06,-9.38789337096131,6.12122681697997e-21,NA
"2.43","all","Monthly 4 yr.","mnwk","with","all","All","LPM","policyTRUE:age_grp20-24",-6.81179492513172e-05,6.05936443799813e-06,-11.2417647012864,2.54248527793134e-29,NA
"2.44","all","Monthly 4 yr.","mnwk","with","all","All","LPM","policyTRUE:age_grp25-34",-5.1749353326978e-05,5.80541761058325e-06,-8.91397601313628,4.92344885095199e-19,NA
"2.45","all","Monthly 4 yr.","mnwk","with","all","All","LPM","policyTRUE:age_grp35-44",-2.70050591613622e-05,5.77974275616153e-06,-4.6723635117797,2.97753381536931e-06,NA
"2.46","all","Monthly 4 yr.","mnwk","with","all","All","LPM","policyTRUE:age_grp45-54",-1.9739574025401e-05,5.75909387672554e-06,-3.42754857759401,0.000609057326117188,NA
"2.47","all","Monthly 4 yr.","mnwk","with","all","All","LPM","policyTRUE:age_grp55-64",-1.24955028094759e-05,5.76217313503162e-06,-2.16853997904167,0.0301176262652921,NA
"2.48","all","Monthly 4 yr.","mnwk","with","all","All","LPM","policyTRUE:age_grp65-199",3.37637660566356e-06,5.75172520182072e-06,0.587019804874329,0.557190405633605,NA
"3","all","Monthly 4 yr.","mnwk","no","all","Male","LPM","(Intercept)",-4.7369015861064e-05,3.9138554855106e-06,-12.1029036550858,1.01940570104775e-33,NA
"3.1","all","Monthly 4 yr.","mnwk","no","all","Male","LPM","policyTRUE",-4.18591393719717e-05,7.62729774144773e-07,-54.8806940425358,0,NA
"3.2","all","Monthly 4 yr.","mnwk","no","all","Male","LPM","policy_monthpolicy01",8.68230382736596e-05,2.76071992544635e-06,31.4494192161206,4.27526554789287e-217,NA
"3.3","all","Monthly 4 yr.","mnwk","no","all","Male","LPM","policy_monthpolicy02",6.638633254517e-05,2.72626782749065e-06,24.3506275780228,5.70934093741396e-131,NA
"3.4","all","Monthly 4 yr.","mnwk","no","all","Male","LPM","policy_monthpolicy03",2.2263948632769e-05,2.68344427981531e-06,8.29678067110876,1.0697063168996e-16,NA
"3.5","all","Monthly 4 yr.","mnwk","no","all","Male","LPM","policy_monthpolicy04",-5.041568423583e-05,2.53426441316932e-06,-19.8936164568482,4.62190241643977e-88,NA
"3.6","all","Monthly 4 yr.","mnwk","no","all","Male","LPM","policy_monthpolicy05",-4.56410682889244e-05,2.37879066467035e-06,-19.186668657643,4.78340019784059e-82,NA
"3.7","all","Monthly 4 yr.","mnwk","no","all","Male","LPM","policy_monthpolicy06",-6.95094325281173e-05,2.70778692148086e-06,-25.6702002571545,2.51590931251206e-145,NA
"3.8","all","Monthly 4 yr.","mnwk","no","all","Male","LPM","policy_monthpolicy07",-4.43526017602876e-05,2.64756883243918e-06,-16.7521996848051,5.45708287893531e-63,NA
"3.9","all","Monthly 4 yr.","mnwk","no","all","Male","LPM","policy_monthpolicy08",-7.30878611271296e-05,2.58391484251018e-06,-28.2857081528768,5.18085227545623e-176,NA
"3.10","all","Monthly 4 yr.","mnwk","no","all","Male","LPM","policy_monthpolicy09",-6.68755315097645e-05,1.73736803125337e-06,-38.4924381632137,0,NA
"3.11","all","Monthly 4 yr.","mnwk","no","all","Male","LPM","policy_monthpolicy10",-0.000153144549490227,2.16657093584502e-06,-70.6852228821656,0,NA
"3.12","all","Monthly 4 yr.","mnwk","no","all","Male","LPM","policy_monthpolicy11",-7.26665685529786e-05,2.60870558622653e-06,-27.8554118704097,9.26265449411598e-171,NA
"3.13","all","Monthly 4 yr.","mnwk","no","all","Male","LPM","policy_monthpolicy12",-3.10702053892911e-05,2.5598771365982e-06,-12.1373814958088,6.69339601050494e-34,NA
"3.14","all","Monthly 4 yr.","mnwk","no","all","Male","LPM","age_grp16-19",0.000599249599543236,4.59028071138089e-06,130.547484396213,0,NA
"3.15","all","Monthly 4 yr.","mnwk","no","all","Male","LPM","age_grp20-24",0.000455873086135645,3.992935315034e-06,114.169915154702,0,NA
"3.16","all","Monthly 4 yr.","mnwk","no","all","Male","LPM","age_grp25-34",0.000287897704653367,3.7591298110618e-06,76.5862630777434,0,NA
"3.17","all","Monthly 4 yr.","mnwk","no","all","Male","LPM","age_grp35-44",0.000225473643610634,3.73608568253778e-06,60.3502335785507,0,NA
"3.18","all","Monthly 4 yr.","mnwk","no","all","Male","LPM","age_grp45-54",0.000179929213515733,3.72074907544772e-06,48.358330504747,0,NA
"3.19","all","Monthly 4 yr.","mnwk","no","all","Male","LPM","age_grp55-64",0.000122501672720508,3.72439174410829e-06,32.8917259883568,2.88627876814726e-237,NA
"3.20","all","Monthly 4 yr.","mnwk","no","all","Male","LPM","age_grp65-199",3.94210219253137e-05,3.71153549080868e-06,10.6212164811401,2.37446527011748e-26,NA
"3.21","all","Monthly 4 yr.","mnwk","no","all","Male","LPM","curr_pts_grp1-3",0.000616977292077029,1.13379012124903e-06,544.172400617974,0,NA
"3.22","all","Monthly 4 yr.","mnwk","no","all","Male","LPM","curr_pts_grp4-6",0.0011983408634379,2.46051120224294e-06,487.029224799108,0,NA
"3.23","all","Monthly 4 yr.","mnwk","no","all","Male","LPM","curr_pts_grp7-9",0.00167230714899518,4.51885230348637e-06,370.073424994431,0,NA
"3.24","all","Monthly 4 yr.","mnwk","no","all","Male","LPM","curr_pts_grp10-150",0.00227609347161279,6.09788467341901e-06,373.259514325418,0,NA
"3.25","all","Monthly 4 yr.","mnwk","no","all","Male","LPM","month02",7.13830044580135e-05,1.81810753186985e-06,39.2622566084411,0,NA
"3.26","all","Monthly 4 yr.","mnwk","no","all","Male","LPM","month03",7.57274637892605e-05,1.77743486942806e-06,42.6049162710687,0,NA
"3.27","all","Monthly 4 yr.","mnwk","no","all","Male","LPM","month04",3.09769315097337e-05,1.75297243943972e-06,17.6710887249513,7.00325017855366e-70,NA
"3.28","all","Monthly 4 yr.","mnwk","no","all","Male","LPM","month05",5.24082785338953e-05,1.75769460308836e-06,29.8164871427672,2.38858931856748e-195,NA
"3.29","all","Monthly 4 yr.","mnwk","no","all","Male","LPM","month06",4.98697658114874e-05,1.76870884947408e-06,28.1955765791052,6.62560206620687e-175,NA
"3.30","all","Monthly 4 yr.","mnwk","no","all","Male","LPM","month07",5.05857273160561e-05,1.75154418139905e-06,28.8806459199051,2.08984928914081e-183,NA
"3.31","all","Monthly 4 yr.","mnwk","no","all","Male","LPM","month08",-4.44244190445477e-06,1.70692752259037e-06,-2.60259550898394,0.00925210409041415,NA
"3.32","all","Monthly 4 yr.","mnwk","no","all","Male","LPM","month09",0.000130259695000932,1.83383710113521e-06,71.0312245947563,0,NA
"3.33","all","Monthly 4 yr.","mnwk","no","all","Male","LPM","month10",0.000102342005352896,1.79619308924187e-06,56.977173537669,0,NA
"3.34","all","Monthly 4 yr.","mnwk","no","all","Male","LPM","month11",9.16550940713529e-05,1.80468348014211e-06,50.7873513997786,0,NA
"3.35","all","Monthly 4 yr.","mnwk","no","all","Male","LPM","month12",-0.000215167765645773,1.51459947350792e-06,-142.062485435459,0,NA
"3.36","all","Monthly 4 yr.","mnwk","no","all","Male","LPM","weekdayMonday",0.000157799438180417,1.09361097275914e-06,144.292113110657,0,NA
"3.37","all","Monthly 4 yr.","mnwk","no","all","Male","LPM","weekdayTuesday",0.000208738725725081,1.12369468486554e-06,185.761068853021,0,NA
"3.38","all","Monthly 4 yr.","mnwk","no","all","Male","LPM","weekdayWednesday",0.000238445585654699,1.14082042150971e-06,209.012374918,0,NA
"3.39","all","Monthly 4 yr.","mnwk","no","all","Male","LPM","weekdayThursday",0.000211719148944236,1.12746448933515e-06,187.78342994118,0,NA
"3.40","all","Monthly 4 yr.","mnwk","no","all","Male","LPM","weekdayFriday",0.000171799381971881,1.10408765199407e-06,155.6030281306,0,NA
"3.41","all","Monthly 4 yr.","mnwk","no","all","Male","LPM","weekdaySaturday",3.63798607514175e-05,1.01821190550885e-06,35.7291645821373,1.39399830890693e-279,NA
"4","all","Monthly 4 yr.","mnwk","with","all","Male","LPM","(Intercept)",-7.1174028268311e-05,5.27459726095747e-06,-13.493737009106,1.7024791629367e-41,NA
"4.1","all","Monthly 4 yr.","mnwk","with","all","Male","LPM","policyTRUE",7.00506679915111e-06,7.35398410583432e-06,0.95255397595891,0.340816105667097,NA
"4.2","all","Monthly 4 yr.","mnwk","with","all","Male","LPM","policy_monthpolicy01",8.70650292625558e-05,2.76072509687402e-06,31.5370151708114,2.70196031712644e-218,NA
"4.3","all","Monthly 4 yr.","mnwk","with","all","Male","LPM","policy_monthpolicy02",6.65983788820846e-05,2.72627560187052e-06,24.4283368990247,8.55249654745099e-132,NA
"4.4","all","Monthly 4 yr.","mnwk","with","all","Male","LPM","policy_monthpolicy03",2.24518880917974e-05,2.6834588872034e-06,8.36677178057903,5.92182492459964e-17,NA
"4.5","all","Monthly 4 yr.","mnwk","with","all","Male","LPM","policy_monthpolicy04",-5.02460773501848e-05,2.53427299338428e-06,-19.8266238409801,1.75428074661307e-87,NA
"4.6","all","Monthly 4 yr.","mnwk","with","all","Male","LPM","policy_monthpolicy05",-4.54881082727358e-05,2.37883038720114e-06,-19.1220477582077,1.65482267647455e-81,NA
"4.7","all","Monthly 4 yr.","mnwk","with","all","Male","LPM","policy_monthpolicy06",-6.9372066040061e-05,2.70778906968076e-06,-25.6194497632121,9.2636178896145e-145,NA
"4.8","all","Monthly 4 yr.","mnwk","with","all","Male","LPM","policy_monthpolicy07",-4.42346585505871e-05,2.64756153528439e-06,-16.7076979934427,1.15197929600458e-62,NA
"4.9","all","Monthly 4 yr.","mnwk","with","all","Male","LPM","policy_monthpolicy08",-7.2990782703927e-05,2.5838981958441e-06,-28.2483198530516,1.49265932486419e-175,NA
"4.10","all","Monthly 4 yr.","mnwk","with","all","Male","LPM","policy_monthpolicy09",-6.67989503835666e-05,1.73742646793272e-06,-38.4470661731356,1.97626258336499e-323,NA
"4.11","all","Monthly 4 yr.","mnwk","with","all","Male","LPM","policy_monthpolicy10",-0.000153082393459643,2.16658151076859e-06,-70.65618934657,0,NA
"4.12","all","Monthly 4 yr.","mnwk","with","all","Male","LPM","policy_monthpolicy11",-7.26290113074557e-05,2.608694301284e-06,-27.8411354184765,1.37918314068874e-170,NA
"4.13","all","Monthly 4 yr.","mnwk","with","all","Male","LPM","policy_monthpolicy12",-3.1056414592308e-05,2.55987510510321e-06,-12.1320038350292,7.14787399368763e-34,NA
"4.14","all","Monthly 4 yr.","mnwk","with","all","Male","LPM","age_grp16-19",0.000656211748963168,6.54877931548144e-06,100.203674204118,0,NA
"4.15","all","Monthly 4 yr.","mnwk","with","all","Male","LPM","age_grp20-24",0.000515018952015986,5.6021420418496e-06,91.9325051326167,0,NA
"4.16","all","Monthly 4 yr.","mnwk","with","all","Male","LPM","age_grp25-34",0.000330574133570439,5.24857489676081e-06,62.9835984191547,0,NA
"4.17","all","Monthly 4 yr.","mnwk","with","all","Male","LPM","age_grp35-44",0.000250037357355694,5.20701981091438e-06,48.0192828979819,0,NA
"4.18","all","Monthly 4 yr.","mnwk","with","all","Male","LPM","age_grp45-54",0.000197120759380256,5.18588828369002e-06,38.0109922537696,3.7994776611127e-316,NA
"4.19","all","Monthly 4 yr.","mnwk","with","all","Male","LPM","age_grp55-64",0.000134135841510903,5.19195502776683e-06,25.8353242263344,3.55734317614983e-147,NA
"4.20","all","Monthly 4 yr.","mnwk","with","all","Male","LPM","age_grp65-199",3.90261982105221e-05,5.17109682574026e-06,7.54698655346399,4.45444626632749e-14,NA
"4.21","all","Monthly 4 yr.","mnwk","with","all","Male","LPM","curr_pts_grp1-3",0.000616820369064697,1.13377235104876e-06,544.042521846759,0,NA
"4.22","all","Monthly 4 yr.","mnwk","with","all","Male","LPM","curr_pts_grp4-6",0.00119842075096789,2.46053820179525e-06,487.056348116645,0,NA
"4.23","all","Monthly 4 yr.","mnwk","with","all","Male","LPM","curr_pts_grp7-9",0.00167244547453031,4.51888480900162e-06,370.101373506755,0,NA
"4.24","all","Monthly 4 yr.","mnwk","with","all","Male","LPM","curr_pts_grp10-150",0.00227818971518599,6.09905574032964e-06,373.531545239305,0,NA
"4.25","all","Monthly 4 yr.","mnwk","with","all","Male","LPM","month02",7.1395384248369e-05,1.81810805940361e-06,39.2690543772128,0,NA
"4.26","all","Monthly 4 yr.","mnwk","with","all","Male","LPM","month03",7.57469839852074e-05,1.7774359674238e-06,42.6158721740027,0,NA
"4.27","all","Monthly 4 yr.","mnwk","with","all","Male","LPM","month04",3.09029090538716e-05,1.75298517922294e-06,17.6287337851711,1.4825071955489e-69,NA
"4.28","all","Monthly 4 yr.","mnwk","with","all","Male","LPM","month05",5.23410744444779e-05,1.75770576570929e-06,29.7780638065761,7.51499301793766e-195,NA
"4.29","all","Monthly 4 yr.","mnwk","with","all","Male","LPM","month06",4.98087621722079e-05,1.76871651178235e-06,28.1609640891605,1.75927425897128e-174,NA
"4.30","all","Monthly 4 yr.","mnwk","with","all","Male","LPM","month07",5.0532579472012e-05,1.75155021083611e-06,28.8502031853772,5.03738147984624e-183,NA
"4.31","all","Monthly 4 yr.","mnwk","with","all","Male","LPM","month08",-4.48758132711398e-06,1.70693445921428e-06,-2.6290296636109,0.00856288914682549,NA
"4.32","all","Monthly 4 yr.","mnwk","with","all","Male","LPM","month09",0.000130223215200476,1.83383894436016e-06,71.0112606131351,0,NA
"4.33","all","Monthly 4 yr.","mnwk","with","all","Male","LPM","month10",0.000102314515136572,1.79619578888116e-06,56.9617832142359,0,NA
"4.34","all","Monthly 4 yr.","mnwk","with","all","Male","LPM","month11",9.16372910499101e-05,1.8046839895648e-06,50.7774721667524,0,NA
"4.35","all","Monthly 4 yr.","mnwk","with","all","Male","LPM","month12",-0.000215175849299754,1.51460298744064e-06,-142.067492989272,0,NA
"4.36","all","Monthly 4 yr.","mnwk","with","all","Male","LPM","weekdayMonday",0.000157799432611136,1.09361063256083e-06,144.292152904209,0,NA
"4.37","all","Monthly 4 yr.","mnwk","with","all","Male","LPM","weekdayTuesday",0.000208737806766914,1.12369435186044e-06,185.760306102205,0,NA
"4.38","all","Monthly 4 yr.","mnwk","with","all","Male","LPM","weekdayWednesday",0.000238445245287021,1.14082012558473e-06,209.01213078162,0,NA
"4.39","all","Monthly 4 yr.","mnwk","with","all","Male","LPM","weekdayThursday",0.000211719343457518,1.12746410315758e-06,187.783666783338,0,NA
"4.40","all","Monthly 4 yr.","mnwk","with","all","Male","LPM","weekdayFriday",0.000171799510866293,1.10408730287461e-06,155.603194076224,0,NA
"4.41","all","Monthly 4 yr.","mnwk","with","all","Male","LPM","weekdaySaturday",3.63792156175802e-05,1.01821153452414e-06,35.7285440049371,1.42527666854305e-279,NA
"4.42","all","Monthly 4 yr.","mnwk","with","all","Male","LPM","policyTRUE:age_grp16-19",-0.000111595469730282,9.1911794923858e-06,-12.1415831148473,6.35838443367443e-34,NA
"4.43","all","Monthly 4 yr.","mnwk","with","all","Male","LPM","policyTRUE:age_grp20-24",-0.000119542478756857,8.01732354295758e-06,-14.9105219611429,2.8154369343322e-50,NA
"4.44","all","Monthly 4 yr.","mnwk","with","all","Male","LPM","policyTRUE:age_grp25-34",-8.63396820623467e-05,7.53574217057186e-06,-11.4573561711699,2.16008404810747e-30,NA
"4.45","all","Monthly 4 yr.","mnwk","with","all","Male","LPM","policyTRUE:age_grp35-44",-5.04267170092723e-05,7.48411010954792e-06,-6.73783740099441,1.60761336311013e-11,NA
"4.46","all","Monthly 4 yr.","mnwk","with","all","Male","LPM","policyTRUE:age_grp45-54",-3.5876312092363e-05,7.45041905877913e-06,-4.81534150083659,1.4694836735647e-06,NA
"4.47","all","Monthly 4 yr.","mnwk","with","all","Male","LPM","policyTRUE:age_grp55-64",-2.54041069900103e-05,7.45530286699778e-06,-3.40752179263784,0.000655556739166414,NA
"4.48","all","Monthly 4 yr.","mnwk","with","all","Male","LPM","policyTRUE:age_grp65-199",-3.04703214179701e-06,7.4269373605566e-06,-0.410267650563388,0.681609619698667,NA
"5","all","Monthly 4 yr.","mnwk","no","all","Female","LPM","(Intercept)",-0.000112342123538979,3.33809948241845e-06,-33.6545163290302,2.67814084034664e-248,NA
"5.1","all","Monthly 4 yr.","mnwk","no","all","Female","LPM","policyTRUE",8.39061184888772e-06,6.10668749083291e-07,13.74003805088,5.84451896509116e-43,NA
"5.2","all","Monthly 4 yr.","mnwk","no","all","Female","LPM","policy_monthpolicy01",3.52634622540177e-05,2.23808449228743e-06,15.7560906996754,6.23740991467139e-56,NA
"5.3","all","Monthly 4 yr.","mnwk","no","all","Female","LPM","policy_monthpolicy02",2.19998766973542e-05,2.19112321543375e-06,10.040456210948,1.0120505632461e-23,NA
"5.4","all","Monthly 4 yr.","mnwk","no","all","Female","LPM","policy_monthpolicy03",-3.85725772228161e-06,2.11230703319569e-06,-1.82608761967998,0.0678370648217389,NA
"5.5","all","Monthly 4 yr.","mnwk","no","all","Female","LPM","policy_monthpolicy04",-4.04165351732689e-05,1.94461827497718e-06,-20.7837886197707,6.06769403246374e-96,NA
"5.6","all","Monthly 4 yr.","mnwk","no","all","Female","LPM","policy_monthpolicy05",-3.91713466212261e-05,1.82425207297127e-06,-21.4725515193881,2.8115428194762e-102,NA
"5.7","all","Monthly 4 yr.","mnwk","no","all","Female","LPM","policy_monthpolicy06",-4.82073101035327e-05,2.16726395917701e-06,-22.2433958260621,1.30684106129766e-109,NA
"5.8","all","Monthly 4 yr.","mnwk","no","all","Female","LPM","policy_monthpolicy07",-3.98110880210821e-05,2.11583241476628e-06,-18.8158040037777,5.60520726499242e-79,NA
"5.9","all","Monthly 4 yr.","mnwk","no","all","Female","LPM","policy_monthpolicy08",-5.30364065255497e-05,2.07211597348122e-06,-25.5952886828274,1.72143199331439e-144,NA
"5.10","all","Monthly 4 yr.","mnwk","no","all","Female","LPM","policy_monthpolicy09",-5.31654430838897e-05,1.30239748995622e-06,-40.8212112614535,0,NA
"5.11","all","Monthly 4 yr.","mnwk","no","all","Female","LPM","policy_monthpolicy10",-0.000103116923035545,1.6105249929924e-06,-64.0269002245977,0,NA
"5.12","all","Monthly 4 yr.","mnwk","no","all","Female","LPM","policy_monthpolicy11",-5.24837272176827e-05,2.03590454185041e-06,-25.7790707465983,1.52249642833658e-146,NA
"5.13","all","Monthly 4 yr.","mnwk","no","all","Female","LPM","policy_monthpolicy12",-2.19352536476064e-05,2.05852596206387e-06,-10.6558061699714,1.63819220168724e-26,NA
"5.14","all","Monthly 4 yr.","mnwk","no","all","Female","LPM","age_grp16-19",0.000271963019715073,3.70091299790736e-06,73.4853858679875,0,NA
"5.15","all","Monthly 4 yr.","mnwk","no","all","Female","LPM","age_grp20-24",0.000269172757119126,3.37062579521583e-06,79.8583923202575,0,NA
"5.16","all","Monthly 4 yr.","mnwk","no","all","Female","LPM","age_grp25-34",0.000209732918136348,3.23176634715813e-06,64.897302467667,0,NA
"5.17","all","Monthly 4 yr.","mnwk","no","all","Female","LPM","age_grp35-44",0.000191623142174463,3.2198873314707e-06,59.5123749522436,0,NA
"5.18","all","Monthly 4 yr.","mnwk","no","all","Female","LPM","age_grp45-54",0.00013968547057921,3.20432182524438e-06,43.5928343647432,0,NA
"5.19","all","Monthly 4 yr.","mnwk","no","all","Female","LPM","age_grp55-64",9.20086462393447e-05,3.2053518267211e-06,28.7046949019211,3.33383831563431e-181,NA
"5.20","all","Monthly 4 yr.","mnwk","no","all","Female","LPM","age_grp65-199",4.65047236549531e-05,3.20181956212003e-06,14.5244673388655,8.47991140055629e-48,NA
"5.21","all","Monthly 4 yr.","mnwk","no","all","Female","LPM","curr_pts_grp1-3",0.000434148469585314,1.21924571061717e-06,356.079554600649,0,NA
"5.22","all","Monthly 4 yr.","mnwk","no","all","Female","LPM","curr_pts_grp4-6",0.000903340125408454,3.43924176742742e-06,262.65676753634,0,NA
"5.23","all","Monthly 4 yr.","mnwk","no","all","Female","LPM","curr_pts_grp7-9",0.00127403517844347,7.67081468759468e-06,166.08863990729,0,NA
"5.24","all","Monthly 4 yr.","mnwk","no","all","Female","LPM","curr_pts_grp10-150",0.00174505540332985,1.37499325127717e-05,126.913743155389,0,NA
"5.25","all","Monthly 4 yr.","mnwk","no","all","Female","LPM","month02",4.51446057769351e-05,1.41026649795248e-06,32.0114005703739,7.56828379767315e-225,NA
"5.26","all","Monthly 4 yr.","mnwk","no","all","Female","LPM","month03",5.67196808795266e-05,1.38992979159086e-06,40.8075869894172,0,NA
"5.27","all","Monthly 4 yr.","mnwk","no","all","Female","LPM","month04",4.24932052046272e-05,1.3841537153268e-06,30.6997732506859,5.73175544885871e-207,NA
"5.28","all","Monthly 4 yr.","mnwk","no","all","Female","LPM","month05",5.28327228040968e-05,1.38841590755836e-06,38.0525190733426,7.82280717792192e-317,NA
"5.29","all","Monthly 4 yr.","mnwk","no","all","Female","LPM","month06",4.1254513514832e-05,1.38355285137394e-06,29.8178081696439,2.29625148921474e-195,NA
"5.30","all","Monthly 4 yr.","mnwk","no","all","Female","LPM","month07",2.51157325025278e-05,1.34708916867798e-06,18.6444469204486,1.40096688843912e-77,NA
"5.31","all","Monthly 4 yr.","mnwk","no","all","Female","LPM","month08",3.37939782148678e-06,1.31998749308922e-06,2.56017412223948,0.010461973101122,NA
"5.32","all","Monthly 4 yr.","mnwk","no","all","Female","LPM","month09",8.8766714795357e-05,1.44287619693857e-06,61.5206730720891,0,NA
"5.33","all","Monthly 4 yr.","mnwk","no","all","Female","LPM","month10",7.6234454416169e-05,1.41562198366043e-06,53.8522679755555,0,NA
"5.34","all","Monthly 4 yr.","mnwk","no","all","Female","LPM","month11",7.41639603095779e-05,1.42661183313209e-06,51.9860823996902,0,NA
"5.35","all","Monthly 4 yr.","mnwk","no","all","Female","LPM","month12",-0.000104917504447385,1.15839386724258e-06,-90.5715296103295,0,NA
"5.36","all","Monthly 4 yr.","mnwk","no","all","Female","LPM","weekdayMonday",0.000132451719090577,8.3332108657425e-07,158.944398773204,0,NA
"5.37","all","Monthly 4 yr.","mnwk","no","all","Female","LPM","weekdayTuesday",0.000175440281212159,8.73838452059625e-07,200.769696960174,0,NA
"5.38","all","Monthly 4 yr.","mnwk","no","all","Female","LPM","weekdayWednesday",0.000191284416475312,8.88367203356333e-07,215.321339816038,0,NA
"5.39","all","Monthly 4 yr.","mnwk","no","all","Female","LPM","weekdayThursday",0.000171288241704344,8.7173221743565e-07,196.491810533535,0,NA
"5.40","all","Monthly 4 yr.","mnwk","no","all","Female","LPM","weekdayFriday",0.000124388593929823,8.27190709885187e-07,150.374747253978,0,NA
"5.41","all","Monthly 4 yr.","mnwk","no","all","Female","LPM","weekdaySaturday",2.15679253630183e-05,7.18046953225365e-07,30.0369290143747,3.23496731958787e-198,NA
"6","all","Monthly 4 yr.","mnwk","with","all","Female","LPM","(Intercept)",-0.000112812363236213,4.74878232520915e-06,-23.7560611353658,9.5118793735478e-125,NA
"6.1","all","Monthly 4 yr.","mnwk","with","all","Female","LPM","policyTRUE",9.28347588533277e-06,6.35703783773512e-06,1.46034617416093,0.144194957934238,NA
"6.2","all","Monthly 4 yr.","mnwk","with","all","Female","LPM","policy_monthpolicy01",3.53116509887694e-05,2.23806507369268e-06,15.7777588345576,4.42628994004054e-56,NA
"6.3","all","Monthly 4 yr.","mnwk","with","all","Female","LPM","policy_monthpolicy02",2.20446793022299e-05,2.19111844261299e-06,10.0609254495347,8.22218099648412e-24,NA
"6.4","all","Monthly 4 yr.","mnwk","with","all","Female","LPM","policy_monthpolicy03",-3.81577932983844e-06,2.11233203176412e-06,-1.80642970539612,0.0708512451100378,NA
"6.5","all","Monthly 4 yr.","mnwk","with","all","Female","LPM","policy_monthpolicy04",-4.03783471097003e-05,1.94464707976521e-06,-20.7638432339998,9.19147193848114e-96,NA
"6.6","all","Monthly 4 yr.","mnwk","with","all","Female","LPM","policy_monthpolicy05",-3.91363583593858e-05,1.82432375100209e-06,-21.4525291017499,4.32492228852722e-102,NA
"6.7","all","Monthly 4 yr.","mnwk","with","all","Female","LPM","policy_monthpolicy06",-4.81753931943576e-05,2.16727262458114e-06,-22.2285801278315,1.81796564244824e-109,NA
"6.8","all","Monthly 4 yr.","mnwk","with","all","Female","LPM","policy_monthpolicy07",-3.97825227000092e-05,2.11583021019912e-06,-18.8023228462482,7.22810357476651e-79,NA
"6.9","all","Monthly 4 yr.","mnwk","with","all","Female","LPM","policy_monthpolicy08",-5.30112356934286e-05,2.0721091590879e-06,-25.5832254111377,2.34507316665363e-144,NA
"6.10","all","Monthly 4 yr.","mnwk","with","all","Female","LPM","policy_monthpolicy09",-5.31434012736714e-05,1.30249776875283e-06,-40.8011457283013,0,NA
"6.11","all","Monthly 4 yr.","mnwk","with","all","Female","LPM","policy_monthpolicy10",-0.00010309760163001,1.61055710369092e-06,-64.0136269578652,0,NA
"6.12","all","Monthly 4 yr.","mnwk","with","all","Female","LPM","policy_monthpolicy11",-5.24672321669781e-05,2.03589587780389e-06,-25.7710783439349,1.87135969005158e-146,NA
"6.13","all","Monthly 4 yr.","mnwk","with","all","Female","LPM","policy_monthpolicy12",-2.19218282141572e-05,2.05851695297043e-06,-10.6493309090917,1.75622929679948e-26,NA
"6.14","all","Monthly 4 yr.","mnwk","with","all","Female","LPM","age_grp16-19",0.000268032017548496,5.40771150385474e-06,49.564777514007,0,NA
"6.15","all","Monthly 4 yr.","mnwk","with","all","Female","LPM","age_grp20-24",0.000269636924433808,4.92101149218721e-06,54.7929881614571,0,NA
"6.16","all","Monthly 4 yr.","mnwk","with","all","Female","LPM","age_grp25-34",0.000214793988620954,4.73112107529989e-06,45.4002307703231,0,NA
"6.17","all","Monthly 4 yr.","mnwk","with","all","Female","LPM","age_grp35-44",0.000191501315105709,4.71082756258846e-06,40.6513107434747,0,NA
"6.18","all","Monthly 4 yr.","mnwk","with","all","Female","LPM","age_grp45-54",0.000140804534461654,4.69119285610533e-06,30.0146548608432,6.31898114302647e-198,NA
"6.19","all","Monthly 4 yr.","mnwk","with","all","Female","LPM","age_grp55-64",9.15432477011702e-05,4.69305498259081e-06,19.5061102076911,9.74196949574651e-85,NA
"6.20","all","Monthly 4 yr.","mnwk","with","all","Female","LPM","age_grp65-199",4.1581045670901e-05,4.68688526206382e-06,8.8717865588609,7.19816721275588e-19,NA
"6.21","all","Monthly 4 yr.","mnwk","with","all","Female","LPM","curr_pts_grp1-3",0.000434161659723522,1.21925147292905e-06,356.088689957062,0,NA
"6.22","all","Monthly 4 yr.","mnwk","with","all","Female","LPM","curr_pts_grp4-6",0.000903411625535085,3.43927577740072e-06,262.674959499133,0,NA
"6.23","all","Monthly 4 yr.","mnwk","with","all","Female","LPM","curr_pts_grp7-9",0.00127415613893905,7.67082880147238e-06,166.104103209093,0,NA
"6.24","all","Monthly 4 yr.","mnwk","with","all","Female","LPM","curr_pts_grp10-150",0.00174529931297145,1.37503478916802e-05,126.927647701733,0,NA
"6.25","all","Monthly 4 yr.","mnwk","with","all","Female","LPM","month02",4.51458026105571e-05,1.41026707205079e-06,32.0122361964438,7.36832475284117e-225,NA
"6.26","all","Monthly 4 yr.","mnwk","with","all","Female","LPM","month03",5.67213832129872e-05,1.38992990254437e-06,40.8088084939783,0,NA
"6.27","all","Monthly 4 yr.","mnwk","with","all","Female","LPM","month04",4.24869860453713e-05,1.38416142301814e-06,30.6951092111274,6.61505101133053e-207,NA
"6.28","all","Monthly 4 yr.","mnwk","with","all","Female","LPM","month05",5.28267395613852e-05,1.38841934779616e-06,38.0481153948461,9.25089503404442e-317,NA
"6.29","all","Monthly 4 yr.","mnwk","with","all","Female","LPM","month06",4.12488582842439e-05,1.38355453503362e-06,29.8136844191989,2.59703049837978e-195,NA
"6.30","all","Monthly 4 yr.","mnwk","with","all","Female","LPM","month07",2.51106841862215e-05,1.34709160988095e-06,18.6406655657522,1.50359428007385e-77,NA
"6.31","all","Monthly 4 yr.","mnwk","with","all","Female","LPM","month08",3.37508933549909e-06,1.31998984099319e-06,2.55690553872718,0.0105607891548982,NA
"6.32","all","Monthly 4 yr.","mnwk","with","all","Female","LPM","month09",8.87632921764966e-05,1.44287647007609e-06,61.5182893458755,0,NA
"6.33","all","Monthly 4 yr.","mnwk","with","all","Female","LPM","month10",7.62318717557952e-05,1.41562206139676e-06,53.8504406187192,0,NA
"6.34","all","Monthly 4 yr.","mnwk","with","all","Female","LPM","month11",7.41622817723423e-05,1.42660940702845e-06,51.9849942156336,0,NA
"6.35","all","Monthly 4 yr.","mnwk","with","all","Female","LPM","month12",-0.00010491832371094,1.15839573013772e-06,-90.5720911958703,0,NA
"6.36","all","Monthly 4 yr.","mnwk","with","all","Female","LPM","weekdayMonday",0.000132451718816446,8.33321078837995e-07,158.944399919825,0,NA
"6.37","all","Monthly 4 yr.","mnwk","with","all","Female","LPM","weekdayTuesday",0.000175440123808777,8.73838436505471e-07,200.769520405136,0,NA
"6.38","all","Monthly 4 yr.","mnwk","with","all","Female","LPM","weekdayWednesday",0.00019128436070607,8.88367179598097e-07,215.321282797287,0,NA
"6.39","all","Monthly 4 yr.","mnwk","with","all","Female","LPM","weekdayThursday",0.000171288294071495,8.71732226735806e-07,196.491868509763,0,NA
"6.40","all","Monthly 4 yr.","mnwk","with","all","Female","LPM","weekdayFriday",0.000124388641989034,8.27190703706396e-07,150.37480647653,0,NA
"6.41","all","Monthly 4 yr.","mnwk","with","all","Female","LPM","weekdaySaturday",2.15678614822331e-05,7.18046939645297e-07,30.0368406178114,3.24357760288663e-198,NA
"6.42","all","Monthly 4 yr.","mnwk","with","all","Female","LPM","policyTRUE:age_grp16-19",7.26906043806079e-06,7.4125555818054e-06,0.980641609744306,0.326769507532934,NA
"6.43","all","Monthly 4 yr.","mnwk","with","all","Female","LPM","policyTRUE:age_grp20-24",-9.05108897429654e-07,6.76505465981201e-06,-0.133791808484043,0.893567204846813,NA
"6.44","all","Monthly 4 yr.","mnwk","with","all","Female","LPM","policyTRUE:age_grp25-34",-9.91588656998831e-06,6.4830225865179e-06,-1.52951596846344,0.126136583557279,NA
"6.45","all","Monthly 4 yr.","mnwk","with","all","Female","LPM","policyTRUE:age_grp35-44",2.80277408212814e-07,6.45795231600546e-06,0.0434003526966546,0.965382396558425,NA
"6.46","all","Monthly 4 yr.","mnwk","with","all","Female","LPM","policyTRUE:age_grp45-54",-2.17212141686796e-06,6.42410390298245e-06,-0.338120530064829,0.735272359985322,NA
"6.47","all","Monthly 4 yr.","mnwk","with","all","Female","LPM","policyTRUE:age_grp55-64",8.78126671611225e-07,6.4244043709364e-06,0.136686083395344,0.891278930128205,NA
"6.48","all","Monthly 4 yr.","mnwk","with","all","Female","LPM","policyTRUE:age_grp65-199",9.18168939297003e-06,6.41618060942416e-06,1.43102103134127,0.152424187738846,NA
"7","all","Monthly 4 yr.","mnwk","no","all","All","Logit","(Intercept)",-9.432828917812,0.0186686198694512,-505.277250475681,0,NA
"7.1","all","Monthly 4 yr.","mnwk","no","all","All","Logit","policyTRUE",-0.0498253349946716,0.00121443119583002,-41.0277133572954,0,-2.05790601304707
"7.2","all","Monthly 4 yr.","mnwk","no","all","All","Logit","policy_monthpolicy01",0.13527925365712,0.00388191006238378,34.8486315971083,4.46578795346033e-266,4.98727706013326
"7.3","all","Monthly 4 yr.","mnwk","no","all","All","Logit","policy_monthpolicy02",0.0959935569976952,0.00380861399037677,25.2043281992458,3.59109772733884e-140,4.19174574692413
"7.4","all","Monthly 4 yr.","mnwk","no","all","All","Logit","policy_monthpolicy03",0.0209033451813255,0.00400187256152357,5.22339101507203,1.75675878690301e-07,0.936927710597922
"7.5","all","Monthly 4 yr.","mnwk","no","all","All","Logit","policy_monthpolicy04",-0.114376825702048,0.00412531679368633,-27.7255860391371,3.43280051918605e-169,-4.85642543576495
"7.6","all","Monthly 4 yr.","mnwk","no","all","All","Logit","policy_monthpolicy05",-0.117731658120008,0.00438672249422799,-26.8381823274481,1.15885087016697e-158,-5.18466040653768
"7.7","all","Monthly 4 yr.","mnwk","no","all","All","Logit","policy_monthpolicy06",-0.134528891505425,0.00391764532150574,-34.3392217684778,2.04000520611308e-258,-5.76461900366885
"7.8","all","Monthly 4 yr.","mnwk","no","all","All","Logit","policy_monthpolicy07",-0.0966329566099991,0.00387246710429297,-24.9538482852115,1.93957075799426e-137,-4.02344208967239
"7.9","all","Monthly 4 yr.","mnwk","no","all","All","Logit","policy_monthpolicy08",-0.147666169218083,0.00408290572649518,-36.1669308845007,2.01615495278327e-286,-5.53628364723184
"7.10","all","Monthly 4 yr.","mnwk","no","all","All","Logit","policy_monthpolicy09",-0.281264421572199,0.00608120190256661,-46.2514526040468,0,-13.6915716213987
"7.11","all","Monthly 4 yr.","mnwk","no","all","All","Logit","policy_monthpolicy10",-0.413099507134008,0.00487044847740229,-84.8175499752621,0,-19.4520273417281
"7.12","all","Monthly 4 yr.","mnwk","no","all","All","Logit","policy_monthpolicy11",-0.153502837470871,0.00431044710059746,-35.6118133196889,9.19606940230306e-278,-7.03533471608273
"7.13","all","Monthly 4 yr.","mnwk","no","all","All","Logit","policy_monthpolicy12",-0.0601151335655994,0.00394205500415158,-15.2496942590322,1.65405808744412e-52,-1.26153182861616
"7.14","all","Monthly 4 yr.","mnwk","no","all","All","Logit","age_grp16-19",1.17604794145609,0.0186327362469169,63.1172966692258,0,NA
"7.15","all","Monthly 4 yr.","mnwk","no","all","All","Logit","age_grp20-24",1.04593689745834,0.0185533111863854,56.3746754932811,0,NA
"7.16","all","Monthly 4 yr.","mnwk","no","all","All","Logit","age_grp25-34",0.873957974370101,0.018525221662274,47.1766540936937,0,NA
"7.17","all","Monthly 4 yr.","mnwk","no","all","All","Logit","age_grp35-44",0.788229170431158,0.0185249969877546,42.5494898030048,0,NA
"7.18","all","Monthly 4 yr.","mnwk","no","all","All","Logit","age_grp45-54",0.670056653093782,0.0185272516689354,36.1660037369311,2.08495955615006e-286,NA
"7.19","all","Monthly 4 yr.","mnwk","no","all","All","Logit","age_grp55-64",0.500464970127818,0.0185513153595418,26.9773307406154,2.72718600685085e-160,NA
"7.20","all","Monthly 4 yr.","mnwk","no","all","All","Logit","age_grp65-199",0.176913700356373,0.0186070533660303,9.50788375118828,1.94580548670256e-21,NA
"7.21","all","Monthly 4 yr.","mnwk","no","all","All","Logit","curr_pts_grp1-3",1.16051554893849,0.00122585508639568,946.698807891475,0,NA
"7.22","all","Monthly 4 yr.","mnwk","no","all","All","Logit","curr_pts_grp4-6",1.66545198262349,0.00158879545740008,1048.24820266597,0,NA
"7.23","all","Monthly 4 yr.","mnwk","no","all","All","Logit","curr_pts_grp7-9",1.93653092309096,0.00217000553297038,892.408288213058,0,NA
"7.24","all","Monthly 4 yr.","mnwk","no","all","All","Logit","curr_pts_grp10-150",2.18453551865165,0.00231831972700942,942.292598040242,0,NA
"7.25","all","Monthly 4 yr.","mnwk","no","all","All","Logit","month02",0.144172919608526,0.00285789299315234,50.4472770513005,0,NA
"7.26","all","Monthly 4 yr.","mnwk","no","all","All","Logit","month03",0.161492058246624,0.00278541897624948,57.977654214186,0,NA
"7.27","all","Monthly 4 yr.","mnwk","no","all","All","Logit","month04",0.0931721222157281,0.00288864129065843,32.2546529114007,3.02730086525795e-228,NA
"7.28","all","Monthly 4 yr.","mnwk","no","all","All","Logit","month05",0.132317297492092,0.00283062640455034,46.7448820795943,0,NA
"7.29","all","Monthly 4 yr.","mnwk","no","all","All","Logit","month06",0.11691290241428,0.0028628747305056,40.8375892834239,0,NA
"7.30","all","Monthly 4 yr.","mnwk","no","all","All","Logit","month07",0.100323387030992,0.00285200892157249,35.176393128419,4.59179192094739e-271,NA
"7.31","all","Monthly 4 yr.","mnwk","no","all","All","Logit","month08",-0.000844700396314089,0.00291668182082568,-0.289610059720181,0.772114570139927,NA
"7.32","all","Monthly 4 yr.","mnwk","no","all","All","Logit","month09",0.26030221075949,0.00276369720981675,94.1862262750374,0,NA
"7.33","all","Monthly 4 yr.","mnwk","no","all","All","Logit","month10",0.214293008964931,0.00276434726129881,77.5202927523103,0,NA
"7.34","all","Monthly 4 yr.","mnwk","no","all","All","Logit","month11",0.198886079937349,0.00279121112689939,71.2544020839731,0,NA
"7.35","all","Monthly 4 yr.","mnwk","no","all","All","Logit","month12",-0.572699030878766,0.00342563908804112,-167.180200879321,0,NA
"7.36","all","Monthly 4 yr.","mnwk","no","all","All","Logit","weekdayMonday",0.427115716237896,0.00208430790737376,204.919683280415,0,NA
"7.37","all","Monthly 4 yr.","mnwk","no","all","All","Logit","weekdayTuesday",0.533634422267006,0.00204287474674677,261.21739627787,0,NA
"7.38","all","Monthly 4 yr.","mnwk","no","all","All","Logit","weekdayWednesday",0.582626085015567,0.00202488431119985,287.733023458674,0,NA
"7.39","all","Monthly 4 yr.","mnwk","no","all","All","Logit","weekdayThursday",0.533132667084221,0.00204471798919968,260.736526944184,0,NA
"7.40","all","Monthly 4 yr.","mnwk","no","all","All","Logit","weekdayFriday",0.436651024184041,0.0020822473030251,209.701808017555,0,NA
"7.41","all","Monthly 4 yr.","mnwk","no","all","All","Logit","weekdaySaturday",0.102480454442085,0.00223725112213763,45.8064154837335,0,NA
"8","all","Monthly 4 yr.","mnwk","with","all","All","Logit","(Intercept)",-9.45688350693645,0.0260658940962793,-362.806795424153,0,NA
"8.1","all","Monthly 4 yr.","mnwk","with","all","All","Logit","policyTRUE",-0.000346775390794554,0.0369956292572054,-0.00937341512381532,0.992521206306477,-0.0053443869062749
"8.2","all","Monthly 4 yr.","mnwk","with","all","All","Logit","policy_monthpolicy01",0.135578973896363,0.00388194660112262,34.9255123337234,3.04861343822366e-267,NA
"8.3","all","Monthly 4 yr.","mnwk","with","all","All","Logit","policy_monthpolicy02",0.0962801809701909,0.00380864590150169,25.2793731578536,5.38601405358417e-141,NA
"8.4","all","Monthly 4 yr.","mnwk","with","all","All","Logit","policy_monthpolicy03",0.0211789894322879,0.00400189576157712,5.29223915216158,1.20827740779095e-07,NA
"8.5","all","Monthly 4 yr.","mnwk","with","all","All","Logit","policy_monthpolicy04",-0.114109964437578,0.00412533413333791,-27.6607811026567,2.07047977800978e-168,NA
"8.6","all","Monthly 4 yr.","mnwk","with","all","All","Logit","policy_monthpolicy05",-0.117473164876347,0.0043867344870795,-26.7791828346,5.64811714298123e-158,NA
"8.7","all","Monthly 4 yr.","mnwk","with","all","All","Logit","policy_monthpolicy06",-0.134279771056017,0.00391765254855186,-34.2755692067825,1.81479605619618e-257,NA
"8.8","all","Monthly 4 yr.","mnwk","with","all","All","Logit","policy_monthpolicy07",-0.09639208912153,0.00387246996403412,-24.8916298942999,9.16697994126792e-137,NA
"8.9","all","Monthly 4 yr.","mnwk","with","all","All","Logit","policy_monthpolicy08",-0.147430013583312,0.00408290509617286,-36.1090963690305,1.63269098012976e-285,NA
"8.10","all","Monthly 4 yr.","mnwk","with","all","All","Logit","policy_monthpolicy09",-0.281033606783952,0.00608120141994532,-46.2135008161725,0,NA
"8.11","all","Monthly 4 yr.","mnwk","with","all","All","Logit","policy_monthpolicy10",-0.41289701502102,0.0048704446790458,-84.7760404296211,0,NA
"8.12","all","Monthly 4 yr.","mnwk","with","all","All","Logit","policy_monthpolicy11",-0.15334219368224,0.00431043691896809,-35.5746288751975,3.4582001925291e-277,NA
"8.13","all","Monthly 4 yr.","mnwk","with","all","All","Logit","policy_monthpolicy12",-0.0599841085045469,0.00394204179682545,-15.2165074842312,2.7481540053683e-52,NA
"8.14","all","Monthly 4 yr.","mnwk","with","all","All","Logit","age_grp16-19",1.20994425574892,0.0261487939626928,46.2715128458766,0,NA
"8.15","all","Monthly 4 yr.","mnwk","with","all","All","Logit","age_grp20-24",1.08627798644192,0.0260255702303939,41.7388736087446,0,NA
"8.16","all","Monthly 4 yr.","mnwk","with","all","All","Logit","age_grp25-34",0.9149457701818,0.0259885123718575,35.2057769636933,1.63131699663642e-271,NA
"8.17","all","Monthly 4 yr.","mnwk","with","all","All","Logit","age_grp35-44",0.809253434987743,0.025988703224424,31.1386615945968,7.22272010868808e-213,NA
"8.18","all","Monthly 4 yr.","mnwk","with","all","All","Logit","age_grp45-54",0.68637266269019,0.0259943104936196,26.4047266365716,1.2092027812804e-153,NA
"8.19","all","Monthly 4 yr.","mnwk","with","all","All","Logit","age_grp55-64",0.511086371709918,0.0260313718740069,19.6334781810041,8.00430982220071e-86,NA
"8.20","all","Monthly 4 yr.","mnwk","with","all","All","Logit","age_grp65-199",0.154979675790061,0.0261224873021339,5.93280701020383,2.97798823116167e-09,NA
"8.21","all","Monthly 4 yr.","mnwk","with","all","All","Logit","curr_pts_grp1-3",1.16024590663686,0.00122583351377228,946.495501714926,0,NA
"8.22","all","Monthly 4 yr.","mnwk","with","all","All","Logit","curr_pts_grp4-6",1.66526613197491,0.00158873906257678,1048.16843193495,0,NA
"8.23","all","Monthly 4 yr.","mnwk","with","all","All","Logit","curr_pts_grp7-9",1.93637477445318,0.00216998734649867,892.343809090667,0,NA
"8.24","all","Monthly 4 yr.","mnwk","with","all","All","Logit","curr_pts_grp10-150",2.18541915392365,0.00231833826115248,942.666215083406,0,NA
"8.25","all","Monthly 4 yr.","mnwk","with","all","All","Logit","month02",0.144173583857231,0.00285789782838546,50.4474241259633,0,NA
"8.26","all","Monthly 4 yr.","mnwk","with","all","All","Logit","month03",0.161493201286448,0.00278542383658758,57.977963412668,0,NA
"8.27","all","Monthly 4 yr.","mnwk","with","all","All","Logit","month04",0.093202514643568,0.00288864851608605,32.2650935634952,2.16092048810569e-228,NA
"8.28","all","Monthly 4 yr.","mnwk","with","all","All","Logit","month05",0.132353283039315,0.00283063455543237,46.7574603670795,0,NA
"8.29","all","Monthly 4 yr.","mnwk","with","all","All","Logit","month06",0.116952283836073,0.00286288237127056,40.8512361561571,0,NA
"8.30","all","Monthly 4 yr.","mnwk","with","all","All","Logit","month07",0.100360292299282,0.00285201578117803,35.1892485874772,2.92008939134127e-271,NA
"8.31","all","Monthly 4 yr.","mnwk","with","all","All","Logit","month08",-0.000812052845986952,0.00291668819679522,-0.278416063423993,0.780692989969328,NA
"8.32","all","Monthly 4 yr.","mnwk","with","all","All","Logit","month09",0.260326780289514,0.0027637028531019,94.1949240300314,0,NA
"8.33","all","Monthly 4 yr.","mnwk","with","all","All","Logit","month10",0.214309337747343,0.0027643523642032,77.5260565630227,0,NA
"8.34","all","Monthly 4 yr.","mnwk","with","all","All","Logit","month11",0.198893613839434,0.0027912159498998,71.2569781089757,0,NA
"8.35","all","Monthly 4 yr.","mnwk","with","all","All","Logit","month12",-0.572698270229987,0.00342564259145471,-167.179807858119,0,NA
"8.36","all","Monthly 4 yr.","mnwk","with","all","All","Logit","weekdayMonday",0.427115666248452,0.00208430817316135,204.91963316568,0,NA
"8.37","all","Monthly 4 yr.","mnwk","with","all","All","Logit","weekdayTuesday",0.533634192878134,0.00204287500196869,261.217251355994,0,NA
"8.38","all","Monthly 4 yr.","mnwk","with","all","All","Logit","weekdayWednesday",0.582626426187998,0.00202488457148802,287.733154961937,0,NA
"8.39","all","Monthly 4 yr.","mnwk","with","all","All","Logit","weekdayThursday",0.533133364097147,0.00204471826457931,260.736832713154,0,NA
"8.40","all","Monthly 4 yr.","mnwk","with","all","All","Logit","weekdayFriday",0.43665164892959,0.00208224756465416,209.702081703293,0,NA
"8.41","all","Monthly 4 yr.","mnwk","with","all","All","Logit","weekdaySaturday",0.102480411851228,0.00223725135925491,45.8063915917603,0,NA
"8.42","all","Monthly 4 yr.","mnwk","with","all","All","Logit","policyTRUE:age_grp16-19",-0.0684396414790593,0.0372619125704335,-1.83671842795757,0.0662514733839882,-5.37265034643849
"8.43","all","Monthly 4 yr.","mnwk","with","all","All","Logit","policyTRUE:age_grp20-24",-0.0825849195576456,0.0371003746023699,-2.22598613741141,0.0260151099779436,-5.92361641706303
"8.44","all","Monthly 4 yr.","mnwk","with","all","All","Logit","policyTRUE:age_grp25-34",-0.0836478366659505,0.037049682985307,-2.25772071245855,0.0239630770807634,-4.35649619687132
"8.45","all","Monthly 4 yr.","mnwk","with","all","All","Logit","policyTRUE:age_grp35-44",-0.0432963550849327,0.0370511286629674,-1.16855698186078,0.242582168715352,-1.93434897779778
"8.46","all","Monthly 4 yr.","mnwk","with","all","All","Logit","policyTRUE:age_grp45-54",-0.0342337889638679,0.0370572739119242,-0.923807537630344,0.355586530030039,-1.25431421183966
"8.47","all","Monthly 4 yr.","mnwk","with","all","All","Logit","policyTRUE:age_grp55-64",-0.0234179328850935,0.0371067085384776,-0.631097012035181,0.527977094712875,-0.669360903172527
"8.48","all","Monthly 4 yr.","mnwk","with","all","All","Logit","policyTRUE:age_grp65-199",0.0372153611494037,0.0372203036630931,0.999867209205649,0.317374775099116,0.691627447184128
"9","all","Monthly 4 yr.","mnwk","no","all","Male","Logit","(Intercept)",-9.14470304243605,0.0195138514258396,-468.626251316382,0,NA
"9.1","all","Monthly 4 yr.","mnwk","no","all","Male","Logit","policyTRUE",-0.076218597397908,0.0014515766359944,-52.5074567252831,0,-4.03408651812768
"9.2","all","Monthly 4 yr.","mnwk","no","all","Male","Logit","policy_monthpolicy01",0.148254189583027,0.00465506400230002,31.8479379681517,1.40574407109118e-222,7.1420690382202
"9.3","all","Monthly 4 yr.","mnwk","no","all","Male","Logit","policy_monthpolicy02",0.110962698130775,0.00455825842069273,24.3432223208423,6.83930037582997e-131,6.25012613535052
"9.4","all","Monthly 4 yr.","mnwk","no","all","Male","Logit","policy_monthpolicy03",0.0379512690398919,0.00476103453335442,7.97122322344364,1.57111428606543e-15,2.17129730910458
"9.5","all","Monthly 4 yr.","mnwk","no","all","Male","Logit","policy_monthpolicy04",-0.096475297387763,0.00487164480778168,-19.8034341981704,2.78074681050714e-87,-5.17886150039362
"9.6","all","Monthly 4 yr.","mnwk","no","all","Male","Logit","policy_monthpolicy05",-0.0968711237859282,0.00517819129225664,-18.7075212788657,4.29910475123112e-78,-5.39897833269755
"9.7","all","Monthly 4 yr.","mnwk","no","all","Male","Logit","policy_monthpolicy06",-0.120598440508114,0.00468461017173951,-25.7435381145776,3.80786241955116e-146,-6.61505789885269
"9.8","all","Monthly 4 yr.","mnwk","no","all","Male","Logit","policy_monthpolicy07",-0.078210381336893,0.00462806720755693,-16.8991455459392,4.56473266828824e-64,-4.24011069837629
"9.9","all","Monthly 4 yr.","mnwk","no","all","Male","Logit","policy_monthpolicy08",-0.13201131087559,0.00488454694360503,-27.0263163400287,7.25249592925837e-161,-6.41445229286763
"9.10","all","Monthly 4 yr.","mnwk","no","all","Male","Logit","policy_monthpolicy09",-0.250318471695829,0.00712195368522331,-35.1474444737253,1.27175452982511e-270,-15.5015328863063
"9.11","all","Monthly 4 yr.","mnwk","no","all","Male","Logit","policy_monthpolicy10",-0.369887360808349,0.00568569093386698,-65.0558331627039,0,-22.1103955297341
"9.12","all","Monthly 4 yr.","mnwk","no","all","Male","Logit","policy_monthpolicy11",-0.13656656357209,0.00511431200189841,-26.7028221042043,4.36469042816201e-157,-7.92562408098685
"9.13","all","Monthly 4 yr.","mnwk","no","all","Male","Logit","policy_monthpolicy12",-0.0551239959808328,0.00471982150058217,-11.6792543900301,1.6271653790548e-31,-1.51880784331239
"9.14","all","Monthly 4 yr.","mnwk","no","all","Male","Logit","age_grp16-19",1.21628199235811,0.0194597556710005,62.5024287520041,0,NA
"9.15","all","Monthly 4 yr.","mnwk","no","all","Male","Logit","age_grp20-24",1.06740510343419,0.0193655603439517,55.1187305957591,0,NA
"9.16","all","Monthly 4 yr.","mnwk","no","all","Male","Logit","age_grp25-34",0.885288852151296,0.0193295426511943,45.7997826501392,0,NA
"9.17","all","Monthly 4 yr.","mnwk","no","all","Male","Logit","age_grp35-44",0.784688215566205,0.0193303114473868,40.5936664653317,0,NA
"9.18","all","Monthly 4 yr.","mnwk","no","all","Male","Logit","age_grp45-54",0.690978407998466,0.019332002793916,35.7427223327282,8.58320085536371e-280,NA
"9.19","all","Monthly 4 yr.","mnwk","no","all","Male","Logit","age_grp55-64",0.538906721216181,0.0193615719487929,27.833830984461,1.69056357816184e-170,NA
"9.20","all","Monthly 4 yr.","mnwk","no","all","Male","Logit","age_grp65-199",0.201236831908823,0.0194282040148594,10.3579739925991,3.85031043494991e-25,NA
"9.21","all","Monthly 4 yr.","mnwk","no","all","Male","Logit","curr_pts_grp1-3",1.08320433476036,0.00147460097686453,734.574540336735,0,NA
"9.22","all","Monthly 4 yr.","mnwk","no","all","Male","Logit","curr_pts_grp4-6",1.53436726366052,0.00183340963284274,836.892768628828,0,NA
"9.23","all","Monthly 4 yr.","mnwk","no","all","Male","Logit","curr_pts_grp7-9",1.77973826146966,0.00241097672552714,738.181436023832,0,NA
"9.24","all","Monthly 4 yr.","mnwk","no","all","Male","Logit","curr_pts_grp10-150",2.00450554260906,0.00250468477371599,800.302522554622,0,NA
"9.25","all","Monthly 4 yr.","mnwk","no","all","Male","Logit","month02",0.133529271833483,0.00337777641416531,39.5317082781158,0,NA
"9.26","all","Monthly 4 yr.","mnwk","no","all","Male","Logit","month03",0.141835201528424,0.00329883636748654,42.9955250058347,0,NA
"9.27","all","Monthly 4 yr.","mnwk","no","all","Male","Logit","month04",0.0617200225003059,0.00342873927526997,18.0007919953162,1.92052899210348e-72,NA
"9.28","all","Monthly 4 yr.","mnwk","no","all","Male","Logit","month05",0.10189180549352,0.00335928757586515,30.3313733023522,4.42392628591201e-202,NA
"9.29","all","Monthly 4 yr.","mnwk","no","all","Male","Logit","month06",0.0975541823327185,0.00338912295061219,28.7844919627649,3.35404377361407e-182,NA
"9.30","all","Monthly 4 yr.","mnwk","no","all","Male","Logit","month07",0.0988299685124198,0.00336158390295519,29.3998220379202,5.52048739345715e-190,NA
"9.31","all","Monthly 4 yr.","mnwk","no","all","Male","Logit","month08",-0.00827179068746499,0.00344348490729755,-2.4021568004945,0.0162987204440107,NA
"9.32","all","Monthly 4 yr.","mnwk","no","all","Male","Logit","month09",0.235377001422386,0.00327477611908331,71.8757535975539,0,NA
"9.33","all","Monthly 4 yr.","mnwk","no","all","Male","Logit","month10",0.187750704594733,0.00327782961405934,57.2789701421417,0,NA
"9.34","all","Monthly 4 yr.","mnwk","no","all","Male","Logit","month11",0.169052144844377,0.00331283165229079,51.0295006169358,0,NA
"9.35","all","Monthly 4 yr.","mnwk","no","all","Male","Logit","month12",-0.56749494312087,0.00402993192772354,-140.819982396437,0,NA
"9.36","all","Monthly 4 yr.","mnwk","no","all","Male","Logit","weekdayMonday",0.349633012739216,0.00243418551396566,143.634497343471,0,NA
"9.37","all","Monthly 4 yr.","mnwk","no","all","Male","Logit","weekdayTuesday",0.440482085364641,0.00239075960862681,184.24357002486,0,NA
"9.38","all","Monthly 4 yr.","mnwk","no","all","Male","Logit","weekdayWednesday",0.490061433370216,0.00236823190444053,206.931353492591,0,NA
"9.39","all","Monthly 4 yr.","mnwk","no","all","Male","Logit","weekdayThursday",0.445532480730496,0.00239040688655826,186.383532960776,0,NA
"9.40","all","Monthly 4 yr.","mnwk","no","all","Male","Logit","weekdayFriday",0.375288531999319,0.00242361480480932,154.846608155146,0,NA
"9.41","all","Monthly 4 yr.","mnwk","no","all","Male","Logit","weekdaySaturday",0.0919339184723569,0.00257864477509424,35.6520290659256,2.19171639815669e-278,NA
"10","all","Monthly 4 yr.","mnwk","with","all","Male","Logit","(Intercept)",-9.18865706899446,0.0271800121062946,-338.066702584965,0,NA
"10.1","all","Monthly 4 yr.","mnwk","with","all","Male","Logit","policyTRUE",0.015514140739034,0.0385825090624435,0.402102950690047,0.687608261301689,0.295219951603957
"10.2","all","Monthly 4 yr.","mnwk","with","all","Male","Logit","policy_monthpolicy01",0.148686502660791,0.00465511138018822,31.9404823037294,7.32440939334234e-224,NA
"10.3","all","Monthly 4 yr.","mnwk","with","all","Male","Logit","policy_monthpolicy02",0.111376961562112,0.00455829923039513,24.4338855201608,7.46646120805587e-132,NA
"10.4","all","Monthly 4 yr.","mnwk","with","all","Male","Logit","policy_monthpolicy03",0.03835058596086,0.00476106360995207,8.05504591047589,7.94489824003702e-16,NA
"10.5","all","Monthly 4 yr.","mnwk","with","all","Male","Logit","policy_monthpolicy04",-0.0960898114725382,0.0048716657357376,-19.7242209718212,1.33599818283001e-86,NA
"10.6","all","Monthly 4 yr.","mnwk","with","all","Male","Logit","policy_monthpolicy05",-0.0964992826399891,0.00517820492561273,-18.6356631354389,1.65095585451075e-77,NA
"10.7","all","Monthly 4 yr.","mnwk","with","all","Male","Logit","policy_monthpolicy06",-0.120243211292023,0.00468461637146149,-25.6676751642973,2.68459105929656e-145,NA
"10.8","all","Monthly 4 yr.","mnwk","with","all","Male","Logit","policy_monthpolicy07",-0.0778719254285484,0.0046280673493565,-16.8260138736693,1.57344967922233e-63,NA
"10.9","all","Monthly 4 yr.","mnwk","with","all","Male","Logit","policy_monthpolicy08",-0.131684541129347,0.0048845426484583,-26.9594413656947,4.42105968201016e-160,NA
"10.10","all","Monthly 4 yr.","mnwk","with","all","Male","Logit","policy_monthpolicy09",-0.250001734776463,0.00712195120514237,-35.1029833784807,6.07004909755472e-270,NA
"10.11","all","Monthly 4 yr.","mnwk","with","all","Male","Logit","policy_monthpolicy10",-0.369608273703834,0.00568568274597112,-65.0068409050327,0,NA
"10.12","all","Monthly 4 yr.","mnwk","with","all","Male","Logit","policy_monthpolicy11",-0.136345333509086,0.00511429288494824,-26.6596647036701,1.38274172677742e-156,NA
"10.13","all","Monthly 4 yr.","mnwk","with","all","Male","Logit","policy_monthpolicy12",-0.0549451447523718,0.00471979716862294,-11.6414207622407,2.53752938432877e-31,NA
"10.14","all","Monthly 4 yr.","mnwk","with","all","Male","Logit","age_grp16-19",1.26966721658603,0.0272715550180024,46.5564657295086,0,NA
"10.15","all","Monthly 4 yr.","mnwk","with","all","Male","Logit","age_grp20-24",1.12989662942627,0.0271269049400113,41.6522501157035,0,NA
"10.16","all","Monthly 4 yr.","mnwk","with","all","Male","Logit","age_grp25-34",0.948017462415752,0.0270812442370233,35.0064219397903,1.79656976171387e-268,NA
"10.17","all","Monthly 4 yr.","mnwk","with","all","Male","Logit","age_grp35-44",0.827483856588077,0.0270834035390342,30.5531708891557,5.13197286214087e-205,NA
"10.18","all","Monthly 4 yr.","mnwk","with","all","Male","Logit","age_grp45-54",0.724837884937656,0.027089393666843,26.7572576135156,1.01658919784668e-157,NA
"10.19","all","Monthly 4 yr.","mnwk","with","all","Male","Logit","age_grp55-64",0.566645210629813,0.0271349262388339,20.8825041808613,7.72359852527063e-97,NA
"10.20","all","Monthly 4 yr.","mnwk","with","all","Male","Logit","age_grp65-199",0.196895344761416,0.0272432994956376,7.2272943588549,4.92711398557619e-13,NA
"10.21","all","Monthly 4 yr.","mnwk","with","all","Male","Logit","curr_pts_grp1-3",1.0827808789254,0.00147459790895652,734.288901638013,0,NA
"10.22","all","Monthly 4 yr.","mnwk","with","all","Male","Logit","curr_pts_grp4-6",1.53400302650023,0.00183335278789323,836.720044625461,0,NA
"10.23","all","Monthly 4 yr.","mnwk","with","all","Male","Logit","curr_pts_grp7-9",1.77939420946052,0.00241096718259078,738.041654946302,0,NA
"10.24","all","Monthly 4 yr.","mnwk","with","all","Male","Logit","curr_pts_grp10-150",2.00541099312806,0.00250458535736813,800.6958066845,0,NA
"10.25","all","Monthly 4 yr.","mnwk","with","all","Male","Logit","month02",0.133532484521779,0.00337778421985408,39.5325680476853,0,NA
"10.26","all","Monthly 4 yr.","mnwk","with","all","Male","Logit","month03",0.141840622469018,0.00329884420556411,42.997066132974,0,NA
"10.27","all","Monthly 4 yr.","mnwk","with","all","Male","Logit","month04",0.0617505602297183,0.00342875056180057,18.0096391139316,1.6369225883154e-72,NA
"10.28","all","Monthly 4 yr.","mnwk","with","all","Male","Logit","month05",0.101929522117192,0.00335930029791872,30.342485957669,3.15673492963846e-202,NA
"10.29","all","Monthly 4 yr.","mnwk","with","all","Male","Logit","month06",0.0975956375998186,0.0033891349115738,28.7966221900852,2.36436715024318e-182,NA
"10.30","all","Monthly 4 yr.","mnwk","with","all","Male","Logit","month07",0.0988685250802104,0.00336159463297854,29.4111979208534,3.94941134242487e-190,NA
"10.31","all","Monthly 4 yr.","mnwk","with","all","Male","Logit","month08",-0.0082383406789307,0.00344349477532757,-2.39243594558584,0.0167369492818189,NA
"10.32","all","Monthly 4 yr.","mnwk","with","all","Male","Logit","month09",0.23540140256337,0.00327478496410318,71.8830106842866,0,NA
"10.33","all","Monthly 4 yr.","mnwk","with","all","Male","Logit","month10",0.187766642963537,0.00327783767724047,57.2836917054454,0,NA
"10.34","all","Monthly 4 yr.","mnwk","with","all","Male","Logit","month11",0.169059082864761,0.00331283933297556,51.0314765892718,0,NA
"10.35","all","Monthly 4 yr.","mnwk","with","all","Male","Logit","month12",-0.567494952689184,0.00402993748270502,-140.819790660441,0,NA
"10.36","all","Monthly 4 yr.","mnwk","with","all","Male","Logit","weekdayMonday",0.349632934042441,0.00243418591347315,143.634441439839,0,NA
"10.37","all","Monthly 4 yr.","mnwk","with","all","Male","Logit","weekdayTuesday",0.440481686778346,0.00239075999839475,184.243373267958,0,NA
"10.38","all","Monthly 4 yr.","mnwk","with","all","Male","Logit","weekdayWednesday",0.490061904531452,0.00236823231116961,206.931516904025,0,NA
"10.39","all","Monthly 4 yr.","mnwk","with","all","Male","Logit","weekdayThursday",0.445533461225082,0.00239040731201684,186.383909966028,0,NA
"10.40","all","Monthly 4 yr.","mnwk","with","all","Male","Logit","weekdayFriday",0.375289454818955,0.00242361520125428,154.846963587591,0,NA
"10.41","all","Monthly 4 yr.","mnwk","with","all","Male","Logit","weekdaySaturday",0.0919337900603171,0.00257864510835877,35.6519746599912,2.19597509919895e-278,NA
"10.42","all","Monthly 4 yr.","mnwk","with","all","Male","Logit","policyTRUE:age_grp16-19",-0.110114049036935,0.03891099119458,-2.82989576097648,0.00465631719808289,-11.9047960848258
"10.43","all","Monthly 4 yr.","mnwk","with","all","Male","Logit","policyTRUE:age_grp20-24",-0.130042791524845,0.0387190918705529,-3.35862194184742,0.000783321522472833,-12.5187698482764
"10.44","all","Monthly 4 yr.","mnwk","with","all","Male","Logit","policyTRUE:age_grp25-34",-0.130100690614978,0.0386565390414884,-3.36555454370466,0.000763899626759252,-8.74980500545341
"10.45","all","Monthly 4 yr.","mnwk","with","all","Male","Logit","policyTRUE:age_grp35-44",-0.0892369155745027,0.0386616854934702,-2.30814860851254,0.0209908723926245,-4.97665822666226
"10.46","all","Monthly 4 yr.","mnwk","with","all","Male","Logit","policyTRUE:age_grp45-54",-0.0715475357090638,0.038667188366332,-1.85034233757118,0.0642642241852389,-3.37865401103168
"10.47","all","Monthly 4 yr.","mnwk","with","all","Male","Logit","policyTRUE:age_grp55-64",-0.0598892672988106,0.0387282496790204,-1.54639746942278,0.122008604945979,-2.24766120184221
"10.48","all","Monthly 4 yr.","mnwk","with","all","Male","Logit","policyTRUE:age_grp65-199",0.000347129816985124,0.0388643398996468,0.00893183360071115,0.992873522626063,0.00822283198562871
"11","all","Monthly 4 yr.","mnwk","no","all","Female","Logit","(Intercept)",-10.6978228990669,0.0653677009436996,-163.656098419015,0,NA
"11.1","all","Monthly 4 yr.","mnwk","no","all","Female","Logit","policyTRUE",0.0310293212520993,0.00222034414776855,13.9750053086517,2.21497095490274e-44,0.837377910531779
"11.2","all","Monthly 4 yr.","mnwk","no","all","Female","Logit","policy_monthpolicy01",0.106253976973201,0.00703428015264137,15.1051670771603,1.49726414874175e-51,2.44214973198592
"11.3","all","Monthly 4 yr.","mnwk","no","all","Female","Logit","policy_monthpolicy02",0.0632156019525325,0.00693251412294193,9.11871232159941,7.60221894744196e-20,1.77842205066754
"11.4","all","Monthly 4 yr.","mnwk","no","all","Female","Logit","policy_monthpolicy03",-0.0156975420304853,0.00738841187047562,-2.1246165354172,0.033618622976655,-0.464979018085685
"11.5","all","Monthly 4 yr.","mnwk","no","all","Female","Logit","policy_monthpolicy04",-0.152661693236764,0.00775873240425162,-19.6761127053574,3.45509236155352e-86,-4.36507418923621
"11.6","all","Monthly 4 yr.","mnwk","no","all","Female","Logit","policy_monthpolicy05",-0.165357065585404,0.00825869966397313,-20.0221672071137,3.53026510719508e-89,-4.89617873632975
"11.7","all","Monthly 4 yr.","mnwk","no","all","Female","Logit","policy_monthpolicy06",-0.165356453796652,0.00714545767096542,-23.1414783224531,1.77137284150893e-118,-4.63542391024311
"11.8","all","Monthly 4 yr.","mnwk","no","all","Female","Logit","policy_monthpolicy07",-0.139044961682276,0.00707184990277964,-19.6617523835769,4.58608979829053e-86,-3.62926928139195
"11.9","all","Monthly 4 yr.","mnwk","no","all","Female","Logit","policy_monthpolicy08",-0.184160420097885,0.00743821486479026,-24.7586851745345,2.49964652280487e-135,-4.3854909548788
"11.10","all","Monthly 4 yr.","mnwk","no","all","Female","Logit","policy_monthpolicy09",-0.358363593616339,0.0116883177592267,-30.6599804179218,1.94549993344064e-206,-11.5889712314383
"11.11","all","Monthly 4 yr.","mnwk","no","all","Female","Logit","policy_monthpolicy10",-0.526841425931813,0.00945000772097647,-55.7503698925417,0,-16.5782775571603
"11.12","all","Monthly 4 yr.","mnwk","no","all","Female","Logit","policy_monthpolicy11",-0.197813410720985,0.00801029005931168,-24.6949123260566,1.21292325545654e-134,-6.09847514412007
"11.13","all","Monthly 4 yr.","mnwk","no","all","Female","Logit","policy_monthpolicy12",-0.0771630480470767,0.00716879628702438,-10.7637384238052,5.10560174199651e-27,-0.995760687593153
"11.14","all","Monthly 4 yr.","mnwk","no","all","Female","Logit","age_grp16-19",1.79774727155832,0.0653527599965967,27.5083603454841,1.394564935162e-166,NA
"11.15","all","Monthly 4 yr.","mnwk","no","all","Female","Logit","age_grp20-24",1.77749664533535,0.0652419349868578,27.2446953894517,1.92065030836008e-163,NA
"11.16","all","Monthly 4 yr.","mnwk","no","all","Female","Logit","age_grp25-34",1.63125805759049,0.0652100769004821,25.0154291349781,4.15378341271356e-138,NA
"11.17","all","Monthly 4 yr.","mnwk","no","all","Female","Logit","age_grp35-44",1.57767214121044,0.0652081385332584,24.1944054330852,2.54781466880329e-129,NA
"11.18","all","Monthly 4 yr.","mnwk","no","all","Female","Logit","age_grp45-54",1.38791036529675,0.0652117827353953,21.2831225750776,1.62735287374604e-100,NA
"11.19","all","Monthly 4 yr.","mnwk","no","all","Female","Logit","age_grp55-64",1.13596505457728,0.0652402164535262,17.4120368743179,6.68621241688004e-68,NA
"11.20","all","Monthly 4 yr.","mnwk","no","all","Female","Logit","age_grp65-199",0.755007071357407,0.0653145759863084,11.5595494567044,6.60544424830795e-31,NA
"11.21","all","Monthly 4 yr.","mnwk","no","all","Female","Logit","curr_pts_grp1-3",1.15417254837716,0.00223510074286742,516.385022939263,0,NA
"11.22","all","Monthly 4 yr.","mnwk","no","all","Female","Logit","curr_pts_grp4-6",1.67919599350318,0.00331856824026961,506.000139797263,0,NA
"11.23","all","Monthly 4 yr.","mnwk","no","all","Female","Logit","curr_pts_grp7-9",1.95410012178918,0.00529946979580946,368.735023895103,0,NA
"11.24","all","Monthly 4 yr.","mnwk","no","all","Female","Logit","curr_pts_grp10-150",2.20049073540823,0.00710797442304695,309.580564650506,0,NA
"11.25","all","Monthly 4 yr.","mnwk","no","all","Female","Logit","month02",0.171721097049254,0.0053623183312728,32.0236670858915,5.10785615657926e-225,NA
"11.26","all","Monthly 4 yr.","mnwk","no","all","Female","Logit","month03",0.211490159997783,0.00520132882048463,40.6607940580225,0,NA
"11.27","all","Monthly 4 yr.","mnwk","no","all","Female","Logit","month04",0.162894619764444,0.00536632854737875,30.3549472094869,2.16180933930537e-202,NA
"11.28","all","Monthly 4 yr.","mnwk","no","all","Female","Logit","month05",0.200506329366211,0.00526093896683784,38.1122705718686,0,NA
"11.29","all","Monthly 4 yr.","mnwk","no","all","Female","Logit","month06",0.158837151258227,0.00535101429221124,29.6835595242991,1.25176369480511e-193,NA
"11.30","all","Monthly 4 yr.","mnwk","no","all","Female","Logit","month07",0.0982062635057916,0.00538814341403651,18.2263640663233,3.18825887814745e-74,NA
"11.31","all","Monthly 4 yr.","mnwk","no","all","Female","Logit","month08",0.0132493693914467,0.00548733698035212,2.4145354001198,0.0157552918869289,NA
"11.32","all","Monthly 4 yr.","mnwk","no","all","Female","Logit","month09",0.317336498812679,0.00515481805816941,61.5611443957292,0,NA
"11.33","all","Monthly 4 yr.","mnwk","no","all","Female","Logit","month10",0.276424424899044,0.00514790673946772,53.6964709907751,0,NA
"11.34","all","Monthly 4 yr.","mnwk","no","all","Female","Logit","month11",0.26967589782334,0.00518681259928461,51.9926048341394,0,NA
"11.35","all","Monthly 4 yr.","mnwk","no","all","Female","Logit","month12",-0.587910730925693,0.00650444431239038,-90.386004198049,0,NA
"11.36","all","Monthly 4 yr.","mnwk","no","all","Female","Logit","weekdayMonday",0.635477801632718,0.00406436555729296,156.353505282623,0,NA
"11.37","all","Monthly 4 yr.","mnwk","no","all","Female","Logit","weekdayTuesday",0.777621343346632,0.00397100194602482,195.824971610773,0,NA
"11.38","all","Monthly 4 yr.","mnwk","no","all","Female","Logit","weekdayWednesday",0.825364515341973,0.00394188531215555,209.383188495313,0,NA
"11.39","all","Monthly 4 yr.","mnwk","no","all","Female","Logit","weekdayThursday",0.764805463199576,0.00398200673797453,192.065336280319,0,NA
"11.40","all","Monthly 4 yr.","mnwk","no","all","Female","Logit","weekdayFriday",0.606410166118839,0.00408850012045947,148.320936346381,0,NA
"11.41","all","Monthly 4 yr.","mnwk","no","all","Female","Logit","weekdaySaturday",0.134471448004511,0.00450044326780611,29.8796007420982,3.62307697604647e-196,NA
"12","all","Monthly 4 yr.","mnwk","with","all","Female","Logit","(Intercept)",-10.6744875910482,0.0929467901645374,-114.845144971137,0,NA
"12.1","all","Monthly 4 yr.","mnwk","with","all","Female","Logit","policyTRUE",-0.0146122473922476,0.130351218769452,-0.112099046945559,0.910744873091177,-0.0709594791541008
"12.2","all","Monthly 4 yr.","mnwk","with","all","Female","Logit","policy_monthpolicy01",0.10643554749857,0.00703435893983121,15.1308098447879,1.0143934307035e-51,NA
"12.3","all","Monthly 4 yr.","mnwk","with","all","Female","Logit","policy_monthpolicy02",0.0633925405689688,0.00693258330928581,9.14414407167066,6.01039221672229e-20,NA
"12.4","all","Monthly 4 yr.","mnwk","with","all","Female","Logit","policy_monthpolicy03",-0.0155305774247943,0.00738846769574758,-2.10200248066766,0.0355530585023577,NA
"12.5","all","Monthly 4 yr.","mnwk","with","all","Female","Logit","policy_monthpolicy04",-0.152502134153075,0.00775877617218296,-19.6554367298068,5.19400080035753e-86,NA
"12.6","all","Monthly 4 yr.","mnwk","with","all","Female","Logit","policy_monthpolicy05",-0.165204919507886,0.00825873419506522,-20.0036610460958,5.11744520242316e-89,NA
"12.7","all","Monthly 4 yr.","mnwk","with","all","Female","Logit","policy_monthpolicy06",-0.165213344015914,0.00714548846136751,-23.1213506129286,2.82414080220108e-118,NA
"12.8","all","Monthly 4 yr.","mnwk","with","all","Female","Logit","policy_monthpolicy07",-0.138911246937107,0.00707187121445089,-19.6427851589339,6.66411371662851e-86,NA
"12.9","all","Monthly 4 yr.","mnwk","with","all","Female","Logit","policy_monthpolicy08",-0.184035898599897,0.007438229093599,-24.7418970677134,3.78988609620755e-135,NA
"12.10","all","Monthly 4 yr.","mnwk","with","all","Female","Logit","policy_monthpolicy09",-0.358247519533192,0.0116883235954359,-30.6500343362398,2.63989713344899e-206,NA
"12.11","all","Monthly 4 yr.","mnwk","with","all","Female","Logit","policy_monthpolicy10",-0.526739016935737,0.00945001083494373,-55.739514603305,0,NA
"12.12","all","Monthly 4 yr.","mnwk","with","all","Female","Logit","policy_monthpolicy11",-0.197721798150382,0.00801028908561255,-24.6834784659038,1.60928144471442e-134,NA
"12.13","all","Monthly 4 yr.","mnwk","with","all","Female","Logit","policy_monthpolicy12",-0.0770779753778209,0.00716879357499861,-10.75187541271,5.80687612080627e-27,NA
"12.14","all","Monthly 4 yr.","mnwk","with","all","Female","Logit","age_grp16-19",1.76604375172286,0.0930874320731821,18.971881728722,2.91290447940261e-80,NA
"12.15","all","Monthly 4 yr.","mnwk","with","all","Female","Logit","age_grp20-24",1.75686920601668,0.0929075775283769,18.9098591606274,9.4609106983594e-80,NA
"12.16","all","Monthly 4 yr.","mnwk","with","all","Female","Logit","age_grp25-34",1.62144979012849,0.0928617606881529,17.4608986316082,2.84421459691241e-68,NA
"12.17","all","Monthly 4 yr.","mnwk","with","all","Female","Logit","age_grp35-44",1.55196675326799,0.0928588046756633,16.7131890044104,1.05063463793564e-62,NA
"12.18","all","Monthly 4 yr.","mnwk","with","all","Female","Logit","age_grp45-54",1.36543515686269,0.0928662578706105,14.7032430095884,6.14451166928748e-49,NA
"12.19","all","Monthly 4 yr.","mnwk","with","all","Female","Logit","age_grp55-64",1.10658212144106,0.092910431123374,11.9102032792383,1.04721647292157e-32,NA
"12.20","all","Monthly 4 yr.","mnwk","with","all","Female","Logit","age_grp65-199",0.684845193179352,0.0930344621994963,7.36119903300801,1.82265565415695e-13,NA
"12.21","all","Monthly 4 yr.","mnwk","with","all","Female","Logit","curr_pts_grp1-3",1.15413891259702,0.00223504376037671,516.383138915587,0,NA
"12.22","all","Monthly 4 yr.","mnwk","with","all","Female","Logit","curr_pts_grp4-6",1.67933785159458,0.00331853860231273,506.047406055251,0,NA
"12.23","all","Monthly 4 yr.","mnwk","with","all","Female","Logit","curr_pts_grp7-9",1.95441625218229,0.00529955236461934,368.788931161486,0,NA
"12.24","all","Monthly 4 yr.","mnwk","with","all","Female","Logit","curr_pts_grp10-150",2.20125514615656,0.00710893709447231,309.646170292911,0,NA
"12.25","all","Monthly 4 yr.","mnwk","with","all","Female","Logit","month02",0.171717702756647,0.00536231187437459,32.0230726558915,5.20611530839983e-225,NA
"12.26","all","Monthly 4 yr.","mnwk","with","all","Female","Logit","month03",0.211482586085248,0.00520132280403931,40.6593849397334,0,NA
"12.27","all","Monthly 4 yr.","mnwk","with","all","Female","Logit","month04",0.162905033386952,0.00536632414684674,30.3569126517777,2.03647035850487e-202,NA
"12.28","all","Monthly 4 yr.","mnwk","with","all","Female","Logit","month05",0.200515021598072,0.00526093496219467,38.1139518049515,0,NA
"12.29","all","Monthly 4 yr.","mnwk","with","all","Female","Logit","month06",0.15884695410118,0.00535100975890943,29.6854166331317,1.18455096146318e-193,NA
"12.30","all","Monthly 4 yr.","mnwk","with","all","Female","Logit","month07",0.0982155616894287,0.00538813839286341,18.2281067278293,3.08828530556159e-74,NA
"12.31","all","Monthly 4 yr.","mnwk","with","all","Female","Logit","month08",0.0132577697669011,0.00548733163827672,2.41606861783639,0.0156891044207575,NA
"12.32","all","Monthly 4 yr.","mnwk","with","all","Female","Logit","month09",0.317342953900007,0.00515481236923038,61.5624645805268,0,NA
"12.33","all","Monthly 4 yr.","mnwk","with","all","Female","Logit","month10",0.276428921789082,0.0051479002802102,53.6974119043725,0,NA
"12.34","all","Monthly 4 yr.","mnwk","with","all","Female","Logit","month11",0.269678228048869,0.00518680605495525,51.9931196947744,0,NA
"12.35","all","Monthly 4 yr.","mnwk","with","all","Female","Logit","month12",-0.587911208248983,0.00650443779538935,-90.3861681428828,0,NA
"12.36","all","Monthly 4 yr.","mnwk","with","all","Female","Logit","weekdayMonday",0.635477783528683,0.00406436186847329,156.353642734915,0,NA
"12.37","all","Monthly 4 yr.","mnwk","with","all","Female","Logit","weekdayTuesday",0.777621273208226,0.00397099830713912,195.82513339535,0,NA
"12.38","all","Monthly 4 yr.","mnwk","with","all","Female","Logit","weekdayWednesday",0.825364735990284,0.00394188172374167,209.383435078524,0,NA
"12.39","all","Monthly 4 yr.","mnwk","with","all","Female","Logit","weekdayThursday",0.764805986378257,0.0039820031078516,192.065642759102,0,NA
"12.40","all","Monthly 4 yr.","mnwk","with","all","Female","Logit","weekdayFriday",0.606410609439427,0.00408849648414003,148.32117669461,0,NA
"12.41","all","Monthly 4 yr.","mnwk","with","all","Female","Logit","weekdaySaturday",0.134471468314395,0.00450043944409195,29.8796306416089,3.61983800145392e-196,NA
"12.42","all","Monthly 4 yr.","mnwk","with","all","Female","Logit","policyTRUE:age_grp16-19",0.0608042610398538,0.130691116617031,0.465251675965329,0.641751236287126,2.45584302037133
"12.43","all","Monthly 4 yr.","mnwk","with","all","Female","Logit","policyTRUE:age_grp20-24",0.0402393386757925,0.130463870739928,0.308432813219281,0.757753016846428,1.696283093483
"12.44","all","Monthly 4 yr.","mnwk","with","all","Female","Logit","policyTRUE:age_grp25-34",0.0191887372395113,0.13040255311831,0.147150011872098,0.883013615722456,0.655624288067328
"12.45","all","Monthly 4 yr.","mnwk","with","all","Female","Logit","policyTRUE:age_grp35-44",0.0502056347875025,0.130399405712314,0.385014291386155,0.700226827222427,1.59061255099458
"12.46","all","Monthly 4 yr.","mnwk","with","all","Female","Logit","policyTRUE:age_grp45-54",0.0438753958415582,0.130409249259232,0.336443895588581,0.736536152814428,1.06155935631476
"12.47","all","Monthly 4 yr.","mnwk","with","all","Female","Logit","policyTRUE:age_grp55-64",0.0570100699455835,0.130468245394031,0.436965100384432,0.662136658241341,0.9952275778645
"12.48","all","Monthly 4 yr.","mnwk","with","all","Female","Logit","policyTRUE:age_grp65-199",0.131304428789457,0.130621360189042,1.00522937901907,0.31478641160214,1.44805414594651
